time,heart_rate
2021-08-26 00:00:09,63
2021-08-26 00:00:14,62
2021-08-26 00:00:29,62
2021-08-26 00:00:39,63
2021-08-26 00:00:44,64
2021-08-26 00:00:54,63
2021-08-26 00:01:09,64
2021-08-26 00:01:24,64
2021-08-26 00:01:29,63
2021-08-26 00:01:44,62
2021-08-26 00:01:49,62
2021-08-26 00:02:04,62
2021-08-26 00:02:14,63
2021-08-26 00:02:24,64
2021-08-26 00:02:39,62
2021-08-26 00:02:54,62
2021-08-26 00:02:59,61
2021-08-26 00:03:04,62
2021-08-26 00:03:19,62
2021-08-26 00:03:29,63
2021-08-26 00:03:39,65
2021-08-26 00:03:44,66
2021-08-26 00:03:49,64
2021-08-26 00:03:54,63
2021-08-26 00:03:59,62
2021-08-26 00:04:04,62
2021-08-26 00:04:19,70
2021-08-26 00:04:24,79
2021-08-26 00:04:29,87
2021-08-26 00:04:34,90
2021-08-26 00:04:39,89
2021-08-26 00:04:44,84
2021-08-26 00:04:49,82
2021-08-26 00:04:54,80
2021-08-26 00:04:59,80
2021-08-26 00:05:04,74
2021-08-26 00:05:09,68
2021-08-26 00:05:14,69
2021-08-26 00:05:19,68
2021-08-26 00:05:24,65
2021-08-26 00:05:29,64
2021-08-26 00:05:34,65
2021-08-26 00:05:39,64
2021-08-26 00:05:54,64
2021-08-26 00:05:59,66
2021-08-26 00:06:04,69
2021-08-26 00:06:09,67
2021-08-26 00:06:14,65
2021-08-26 00:06:19,64
2021-08-26 00:06:30,65
2021-08-26 00:06:35,64
2021-08-26 00:06:40,66
2021-08-26 00:06:50,65
2021-08-26 00:07:00,65
2021-08-26 00:07:05,66
2021-08-26 00:07:10,67
2021-08-26 00:07:15,68
2021-08-26 00:07:20,75
2021-08-26 00:07:25,83
2021-08-26 00:07:30,88
2021-08-26 00:07:35,82
2021-08-26 00:07:40,69
2021-08-26 00:07:45,63
2021-08-26 00:07:50,59
2021-08-26 00:07:55,58
2021-08-26 00:08:05,61
2021-08-26 00:08:10,66
2021-08-26 00:08:15,72
2021-08-26 00:08:20,75
2021-08-26 00:08:25,70
2021-08-26 00:08:30,66
2021-08-26 00:08:35,64
2021-08-26 00:08:45,65
2021-08-26 00:08:50,68
2021-08-26 00:08:55,70
2021-08-26 00:09:00,73
2021-08-26 00:09:05,75
2021-08-26 00:09:10,79
2021-08-26 00:09:15,79
2021-08-26 00:09:20,73
2021-08-26 00:09:25,68
2021-08-26 00:09:30,63
2021-08-26 00:09:35,64
2021-08-26 00:09:40,65
2021-08-26 00:09:45,64
2021-08-26 00:09:50,66
2021-08-26 00:09:55,71
2021-08-26 00:10:00,69
2021-08-26 00:10:05,64
2021-08-26 00:10:10,61
2021-08-26 00:10:15,62
2021-08-26 00:10:25,63
2021-08-26 00:10:40,67
2021-08-26 00:10:45,72
2021-08-26 00:10:50,71
2021-08-26 00:10:55,66
2021-08-26 00:11:00,62
2021-08-26 00:11:05,61
2021-08-26 00:11:15,63
2021-08-26 00:11:30,63
2021-08-26 00:11:40,62
2021-08-26 00:11:45,62
2021-08-26 00:11:50,63
2021-08-26 00:11:55,62
2021-08-26 00:12:05,63
2021-08-26 00:12:15,62
2021-08-26 00:12:30,62
2021-08-26 00:12:35,61
2021-08-26 00:12:45,62
2021-08-26 00:12:50,63
2021-08-26 00:12:55,62
2021-08-26 00:13:10,61
2021-08-26 00:13:15,62
2021-08-26 00:13:30,62
2021-08-26 00:13:35,61
2021-08-26 00:13:50,61
2021-08-26 00:13:55,62
2021-08-26 00:14:00,63
2021-08-26 00:14:05,62
2021-08-26 00:14:10,61
2021-08-26 00:14:15,60
2021-08-26 00:14:30,62
2021-08-26 00:14:40,61
2021-08-26 00:14:55,61
2021-08-26 00:15:00,60
2021-08-26 00:15:05,59
2021-08-26 00:15:20,60
2021-08-26 00:15:25,62
2021-08-26 00:15:30,62
2021-08-26 00:15:45,62
2021-08-26 00:16:00,63
2021-08-26 00:16:15,62
2021-08-26 00:16:30,61
2021-08-26 00:16:45,62
2021-08-26 00:17:00,61
2021-08-26 00:17:05,62
2021-08-26 00:17:15,63
2021-08-26 00:17:30,63
2021-08-26 00:17:35,62
2021-08-26 00:17:40,63
2021-08-26 00:17:55,63
2021-08-26 00:18:00,64
2021-08-26 00:18:10,63
2021-08-26 00:18:15,62
2021-08-26 00:18:20,63
2021-08-26 00:18:35,64
2021-08-26 00:18:40,60
2021-08-26 00:18:45,59
2021-08-26 00:18:55,61
2021-08-26 00:19:05,62
2021-08-26 00:19:10,61
2021-08-26 00:19:15,60
2021-08-26 00:19:20,61
2021-08-26 00:19:35,61
2021-08-26 00:19:40,63
2021-08-26 00:19:45,63
2021-08-26 00:20:00,64
2021-08-26 00:20:05,63
2021-08-26 00:20:20,63
2021-08-26 00:20:30,62
2021-08-26 00:20:45,62
2021-08-26 00:20:55,63
2021-08-26 00:21:10,61
2021-08-26 00:21:15,60
2021-08-26 00:21:30,61
2021-08-26 00:21:45,62
2021-08-26 00:22:00,62
2021-08-26 00:22:05,63
2021-08-26 00:22:10,64
2021-08-26 00:22:15,63
2021-08-26 00:22:20,62
2021-08-26 00:22:30,63
2021-08-26 00:22:35,64
2021-08-26 00:22:40,62
2021-08-26 00:22:55,62
2021-08-26 00:23:05,61
2021-08-26 00:23:20,61
2021-08-26 00:23:25,63
2021-08-26 00:23:30,64
2021-08-26 00:23:36,65
2021-08-26 00:23:41,66
2021-08-26 00:23:51,65
2021-08-26 00:23:56,63
2021-08-26 00:24:06,62
2021-08-26 00:24:21,62
2021-08-26 00:24:36,63
2021-08-26 00:24:41,64
2021-08-26 00:24:46,62
2021-08-26 00:25:01,63
2021-08-26 00:25:06,64
2021-08-26 00:25:16,62
2021-08-26 00:25:21,60
2021-08-26 00:25:36,60
2021-08-26 00:25:51,60
2021-08-26 00:25:56,61
2021-08-26 00:26:01,63
2021-08-26 00:26:16,62
2021-08-26 00:26:21,63
2021-08-26 00:26:36,63
2021-08-26 00:26:41,64
2021-08-26 00:26:46,62
2021-08-26 00:26:51,60
2021-08-26 00:26:56,62
2021-08-26 00:27:06,63
2021-08-26 00:27:11,62
2021-08-26 00:27:16,61
2021-08-26 00:27:21,61
2021-08-26 00:27:36,62
2021-08-26 00:27:41,64
2021-08-26 00:27:51,65
2021-08-26 00:28:01,64
2021-08-26 00:28:11,63
2021-08-26 00:28:16,62
2021-08-26 00:28:26,63
2021-08-26 00:28:31,64
2021-08-26 00:28:36,66
2021-08-26 00:28:46,65
2021-08-26 00:28:56,64
2021-08-26 00:29:06,62
2021-08-26 00:29:11,59
2021-08-26 00:29:21,61
2021-08-26 00:29:36,62
2021-08-26 00:29:51,62
2021-08-26 00:30:01,63
2021-08-26 00:30:06,64
2021-08-26 00:30:21,66
2021-08-26 00:30:26,72
2021-08-26 00:30:31,77
2021-08-26 00:30:36,71
2021-08-26 00:30:41,63
2021-08-26 00:30:46,62
2021-08-26 00:30:51,63
2021-08-26 00:30:56,62
2021-08-26 00:31:01,62
2021-08-26 00:31:16,62
2021-08-26 00:31:21,64
2021-08-26 00:31:26,63
2021-08-26 00:31:41,64
2021-08-26 00:31:46,65
2021-08-26 00:31:56,66
2021-08-26 00:32:11,65
2021-08-26 00:32:16,63
2021-08-26 00:32:21,62
2021-08-26 00:32:26,61
2021-08-26 00:32:36,62
2021-08-26 00:32:41,63
2021-08-26 00:32:46,64
2021-08-26 00:32:51,65
2021-08-26 00:33:06,64
2021-08-26 00:33:11,63
2021-08-26 00:33:16,64
2021-08-26 00:33:21,66
2021-08-26 00:33:26,64
2021-08-26 00:33:31,63
2021-08-26 00:33:36,62
2021-08-26 00:33:51,65
2021-08-26 00:33:56,63
2021-08-26 00:34:01,60
2021-08-26 00:34:06,59
2021-08-26 00:34:16,61
2021-08-26 00:34:21,62
2021-08-26 00:34:26,63
2021-08-26 00:34:41,62
2021-08-26 00:34:51,63
2021-08-26 00:34:56,64
2021-08-26 00:35:11,64
2021-08-26 00:35:21,65
2021-08-26 00:35:26,66
2021-08-26 00:35:36,67
2021-08-26 00:35:41,74
2021-08-26 00:35:46,81
2021-08-26 00:35:51,77
2021-08-26 00:35:56,68
2021-08-26 00:36:01,61
2021-08-26 00:36:06,59
2021-08-26 00:36:11,60
2021-08-26 00:36:16,63
2021-08-26 00:36:21,61
2021-08-26 00:36:26,57
2021-08-26 00:36:36,58
2021-08-26 00:36:46,59
2021-08-26 00:36:51,62
2021-08-26 00:36:56,64
2021-08-26 00:37:06,62
2021-08-26 00:37:11,61
2021-08-26 00:37:26,60
2021-08-26 00:37:31,58
2021-08-26 00:37:41,59
2021-08-26 00:37:46,60
2021-08-26 00:37:51,61
2021-08-26 00:37:56,62
2021-08-26 00:38:01,63
2021-08-26 00:38:06,64
2021-08-26 00:38:11,62
2021-08-26 00:38:16,57
2021-08-26 00:38:21,55
2021-08-26 00:38:26,56
2021-08-26 00:38:31,57
2021-08-26 00:38:36,58
2021-08-26 00:38:41,59
2021-08-26 00:38:46,60
2021-08-26 00:38:56,61
2021-08-26 00:39:01,62
2021-08-26 00:39:11,61
2021-08-26 00:39:16,62
2021-08-26 00:39:31,63
2021-08-26 00:39:36,60
2021-08-26 00:39:41,59
2021-08-26 00:39:46,60
2021-08-26 00:39:51,61
2021-08-26 00:39:56,62
2021-08-26 00:40:06,63
2021-08-26 00:40:11,62
2021-08-26 00:40:16,59
2021-08-26 00:40:21,58
2021-08-26 00:40:37,59
2021-08-26 00:40:42,60
2021-08-26 00:40:57,61
2021-08-26 00:41:02,62
2021-08-26 00:41:17,62
2021-08-26 00:41:32,62
2021-08-26 00:41:42,63
2021-08-26 00:41:47,62
2021-08-26 00:41:57,61
2021-08-26 00:42:02,60
2021-08-26 00:42:17,61
2021-08-26 00:42:27,62
2021-08-26 00:42:32,63
2021-08-26 00:42:47,63
2021-08-26 00:43:02,63
2021-08-26 00:43:17,62
2021-08-26 00:43:22,61
2021-08-26 00:43:27,60
2021-08-26 00:43:37,61
2021-08-26 00:43:42,62
2021-08-26 00:43:57,61
2021-08-26 00:44:12,64
2021-08-26 00:44:17,63
2021-08-26 00:44:22,61
2021-08-26 00:44:27,60
2021-08-26 00:44:37,61
2021-08-26 00:44:42,62
2021-08-26 00:44:47,62
2021-08-26 00:44:52,60
2021-08-26 00:45:07,60
2021-08-26 00:45:12,61
2021-08-26 00:45:22,62
2021-08-26 00:45:27,63
2021-08-26 00:45:42,64
2021-08-26 00:45:47,68
2021-08-26 00:45:52,69
2021-08-26 00:45:57,71
2021-08-26 00:46:02,74
2021-08-26 00:46:12,77
2021-08-26 00:46:17,85
2021-08-26 00:46:22,91
2021-08-26 00:46:27,84
2021-08-26 00:46:32,76
2021-08-26 00:46:37,69
2021-08-26 00:46:42,65
2021-08-26 00:46:47,63
2021-08-26 00:46:57,64
2021-08-26 00:47:02,65
2021-08-26 00:47:07,63
2021-08-26 00:47:12,61
2021-08-26 00:47:17,62
2021-08-26 00:47:22,63
2021-08-26 00:47:27,65
2021-08-26 00:47:32,66
2021-08-26 00:47:37,67
2021-08-26 00:47:52,66
2021-08-26 00:48:07,66
2021-08-26 00:48:22,67
2021-08-26 00:48:27,66
2021-08-26 00:48:32,64
2021-08-26 00:48:37,63
2021-08-26 00:48:47,64
2021-08-26 00:48:52,65
2021-08-26 00:49:02,66
2021-08-26 00:49:07,67
2021-08-26 00:49:17,66
2021-08-26 00:49:32,65
2021-08-26 00:49:37,64
2021-08-26 00:49:52,64
2021-08-26 00:50:02,65
2021-08-26 00:50:17,66
2021-08-26 00:50:22,67
2021-08-26 00:50:27,66
2021-08-26 00:50:32,64
2021-08-26 00:50:37,63
2021-08-26 00:50:42,62
2021-08-26 00:50:52,63
2021-08-26 00:50:57,64
2021-08-26 00:51:02,65
2021-08-26 00:51:07,66
2021-08-26 00:51:12,65
2021-08-26 00:51:27,66
2021-08-26 00:51:42,65
2021-08-26 00:51:52,66
2021-08-26 00:52:02,65
2021-08-26 00:52:07,64
2021-08-26 00:52:22,65
2021-08-26 00:52:27,64
2021-08-26 00:52:32,63
2021-08-26 00:52:37,64
2021-08-26 00:52:42,65
2021-08-26 00:52:47,67
2021-08-26 00:52:52,68
2021-08-26 00:53:02,67
2021-08-26 00:53:07,66
2021-08-26 00:53:12,62
2021-08-26 00:53:27,62
2021-08-26 00:53:37,64
2021-08-26 00:53:42,65
2021-08-26 00:53:47,66
2021-08-26 00:53:52,67
2021-08-26 00:53:57,66
2021-08-26 00:54:02,65
2021-08-26 00:54:12,66
2021-08-26 00:54:22,65
2021-08-26 00:54:37,66
2021-08-26 00:54:52,66
2021-08-26 00:54:57,67
2021-08-26 00:55:02,68
2021-08-26 00:55:07,67
2021-08-26 00:55:12,66
2021-08-26 00:55:27,66
2021-08-26 00:55:32,64
2021-08-26 00:55:37,63
2021-08-26 00:55:42,62
2021-08-26 00:55:47,61
2021-08-26 00:55:52,62
2021-08-26 00:55:57,63
2021-08-26 00:56:07,64
2021-08-26 00:56:12,65
2021-08-26 00:56:22,66
2021-08-26 00:56:37,67
2021-08-26 00:56:52,67
2021-08-26 00:56:57,65
2021-08-26 00:57:02,64
2021-08-26 00:57:12,65
2021-08-26 00:57:17,66
2021-08-26 00:57:22,67
2021-08-26 00:57:32,66
2021-08-26 00:57:37,64
2021-08-26 00:57:43,63
2021-08-26 00:57:48,64
2021-08-26 00:57:53,65
2021-08-26 00:58:03,66
2021-08-26 00:58:18,65
2021-08-26 00:58:23,66
2021-08-26 00:58:38,67
2021-08-26 00:58:43,66
2021-08-26 00:58:48,65
2021-08-26 00:58:53,63
2021-08-26 00:59:03,65
2021-08-26 00:59:08,67
2021-08-26 00:59:13,65
2021-08-26 00:59:18,63
2021-08-26 00:59:33,64
2021-08-26 00:59:43,65
2021-08-26 00:59:53,66
2021-08-26 00:59:58,65
2021-08-26 01:00:13,66
2021-08-26 01:00:23,65
2021-08-26 01:00:33,67
2021-08-26 01:00:38,65
2021-08-26 01:00:43,63
2021-08-26 01:00:48,62
2021-08-26 01:00:53,63
2021-08-26 01:00:58,64
2021-08-26 01:01:08,65
2021-08-26 01:01:13,66
2021-08-26 01:01:23,65
2021-08-26 01:01:38,66
2021-08-26 01:01:43,65
2021-08-26 01:01:58,65
2021-08-26 01:02:13,65
2021-08-26 01:02:28,65
2021-08-26 01:02:33,66
2021-08-26 01:02:43,65
2021-08-26 01:02:53,66
2021-08-26 01:03:08,65
2021-08-26 01:03:18,66
2021-08-26 01:03:23,65
2021-08-26 01:03:28,64
2021-08-26 01:03:33,63
2021-08-26 01:03:38,62
2021-08-26 01:03:48,63
2021-08-26 01:03:53,64
2021-08-26 01:03:58,65
2021-08-26 01:04:13,66
2021-08-26 01:04:28,66
2021-08-26 01:04:43,65
2021-08-26 01:04:48,64
2021-08-26 01:05:03,65
2021-08-26 01:05:18,65
2021-08-26 01:05:23,64
2021-08-26 01:05:33,65
2021-08-26 01:05:38,66
2021-08-26 01:05:43,65
2021-08-26 01:05:48,64
2021-08-26 01:05:53,64
2021-08-26 01:06:08,65
2021-08-26 01:06:23,65
2021-08-26 01:06:33,66
2021-08-26 01:06:38,65
2021-08-26 01:06:53,65
2021-08-26 01:07:08,66
2021-08-26 01:07:23,66
2021-08-26 01:07:28,67
2021-08-26 01:07:33,68
2021-08-26 01:07:43,66
2021-08-26 01:07:48,65
2021-08-26 01:07:53,64
2021-08-26 01:08:03,66
2021-08-26 01:08:08,67
2021-08-26 01:08:13,65
2021-08-26 01:08:28,66
2021-08-26 01:08:33,65
2021-08-26 01:08:43,66
2021-08-26 01:08:48,65
2021-08-26 01:08:53,64
2021-08-26 01:09:03,63
2021-08-26 01:09:13,64
2021-08-26 01:09:28,64
2021-08-26 01:09:33,65
2021-08-26 01:09:38,64
2021-08-26 01:09:43,65
2021-08-26 01:09:48,67
2021-08-26 01:10:03,67
2021-08-26 01:10:08,66
2021-08-26 01:10:13,64
2021-08-26 01:10:28,64
2021-08-26 01:10:33,65
2021-08-26 01:10:48,65
2021-08-26 01:10:53,66
2021-08-26 01:10:58,67
2021-08-26 01:11:03,62
2021-08-26 01:11:08,60
2021-08-26 01:11:18,62
2021-08-26 01:11:23,63
2021-08-26 01:11:28,67
2021-08-26 01:11:33,69
2021-08-26 01:11:38,70
2021-08-26 01:11:48,69
2021-08-26 01:11:53,66
2021-08-26 01:12:08,67
2021-08-26 01:12:13,68
2021-08-26 01:12:28,68
2021-08-26 01:12:33,69
2021-08-26 01:12:38,70
2021-08-26 01:12:43,71
2021-08-26 01:12:48,72
2021-08-26 01:12:53,70
2021-08-26 01:13:03,69
2021-08-26 01:13:13,70
2021-08-26 01:13:18,71
2021-08-26 01:13:23,74
2021-08-26 01:13:28,83
2021-08-26 01:13:33,92
2021-08-26 01:13:38,85
2021-08-26 01:13:43,79
2021-08-26 01:13:48,73
2021-08-26 01:13:53,66
2021-08-26 01:13:58,62
2021-08-26 01:14:03,63
2021-08-26 01:14:08,65
2021-08-26 01:14:18,66
2021-08-26 01:14:28,67
2021-08-26 01:14:33,68
2021-08-26 01:14:38,69
2021-08-26 01:14:49,69
2021-08-26 01:14:54,68
2021-08-26 01:14:59,69
2021-08-26 01:15:04,73
2021-08-26 01:15:14,69
2021-08-26 01:15:19,65
2021-08-26 01:15:24,62
2021-08-26 01:15:29,63
2021-08-26 01:15:34,64
2021-08-26 01:15:39,65
2021-08-26 01:15:54,67
2021-08-26 01:16:04,65
2021-08-26 01:16:09,66
2021-08-26 01:16:14,67
2021-08-26 01:16:19,68
2021-08-26 01:16:29,71
2021-08-26 01:16:34,68
2021-08-26 01:16:39,63
2021-08-26 01:16:44,60
2021-08-26 01:16:49,62
2021-08-26 01:16:54,64
2021-08-26 01:17:09,66
2021-08-26 01:17:19,67
2021-08-26 01:17:24,70
2021-08-26 01:17:39,70
2021-08-26 01:17:49,67
2021-08-26 01:17:54,66
2021-08-26 01:17:59,67
2021-08-26 01:18:09,63
2021-08-26 01:18:14,60
2021-08-26 01:18:24,61
2021-08-26 01:18:29,63
2021-08-26 01:18:34,64
2021-08-26 01:18:49,65
2021-08-26 01:18:54,67
2021-08-26 01:18:59,68
2021-08-26 01:19:09,68
2021-08-26 01:19:14,68
2021-08-26 01:19:24,69
2021-08-26 01:19:34,70
2021-08-26 01:19:39,72
2021-08-26 01:19:44,74
2021-08-26 01:19:49,76
2021-08-26 01:19:54,77
2021-08-26 01:19:59,80
2021-08-26 01:20:09,77
2021-08-26 01:20:14,74
2021-08-26 01:20:29,74
2021-08-26 01:20:39,73
2021-08-26 01:20:49,75
2021-08-26 01:20:54,78
2021-08-26 01:20:59,78
2021-08-26 01:21:04,79
2021-08-26 01:21:09,78
2021-08-26 01:21:14,77
2021-08-26 01:21:29,77
2021-08-26 01:21:44,78
2021-08-26 01:21:49,79
2021-08-26 01:21:54,78
2021-08-26 01:21:59,76
2021-08-26 01:22:14,77
2021-08-26 01:22:19,78
2021-08-26 01:22:24,79
2021-08-26 01:22:29,75
2021-08-26 01:22:34,74
2021-08-26 01:22:44,75
2021-08-26 01:22:59,76
2021-08-26 01:23:04,77
2021-08-26 01:23:09,76
2021-08-26 01:23:14,76
2021-08-26 01:23:24,80
2021-08-26 01:23:34,78
2021-08-26 01:23:49,77
2021-08-26 01:23:59,76
2021-08-26 01:24:04,74
2021-08-26 01:24:19,75
2021-08-26 01:24:29,76
2021-08-26 01:24:34,77
2021-08-26 01:24:39,78
2021-08-26 01:24:44,79
2021-08-26 01:24:49,80
2021-08-26 01:24:54,80
2021-08-26 01:24:59,79
2021-08-26 01:25:04,77
2021-08-26 01:25:09,76
2021-08-26 01:25:14,77
2021-08-26 01:25:24,76
2021-08-26 01:25:34,77
2021-08-26 01:25:44,78
2021-08-26 01:25:49,77
2021-08-26 01:25:54,76
2021-08-26 01:25:59,75
2021-08-26 01:26:09,74
2021-08-26 01:26:24,75
2021-08-26 01:26:29,76
2021-08-26 01:26:34,77
2021-08-26 01:26:39,78
2021-08-26 01:26:44,79
2021-08-26 01:26:49,78
2021-08-26 01:26:59,77
2021-08-26 01:27:14,76
2021-08-26 01:27:24,77
2021-08-26 01:27:39,75
2021-08-26 01:27:44,73
2021-08-26 01:27:49,72
2021-08-26 01:27:54,71
2021-08-26 01:27:59,72
2021-08-26 01:28:04,73
2021-08-26 01:28:09,75
2021-08-26 01:28:24,75
2021-08-26 01:28:34,74
2021-08-26 01:28:39,73
2021-08-26 01:28:44,72
2021-08-26 01:28:54,73
2021-08-26 01:28:59,73
2021-08-26 01:29:04,70
2021-08-26 01:29:09,71
2021-08-26 01:29:14,73
2021-08-26 01:29:19,75
2021-08-26 01:29:29,76
2021-08-26 01:29:44,77
2021-08-26 01:29:49,78
2021-08-26 01:29:54,80
2021-08-26 01:29:59,78
2021-08-26 01:30:04,76
2021-08-26 01:30:09,75
2021-08-26 01:30:19,76
2021-08-26 01:30:34,76
2021-08-26 01:30:49,76
2021-08-26 01:31:04,77
2021-08-26 01:31:14,76
2021-08-26 01:31:19,74
2021-08-26 01:31:24,73
2021-08-26 01:31:29,74
2021-08-26 01:31:34,75
2021-08-26 01:31:39,75
2021-08-26 01:31:55,75
2021-08-26 01:32:05,76
2021-08-26 01:32:10,74
2021-08-26 01:32:15,75
2021-08-26 01:32:30,76
2021-08-26 01:32:40,78
2021-08-26 01:32:50,77
2021-08-26 01:32:55,76
2021-08-26 01:33:05,77
2021-08-26 01:33:10,78
2021-08-26 01:33:20,77
2021-08-26 01:33:30,78
2021-08-26 01:33:35,81
2021-08-26 01:33:40,80
2021-08-26 01:33:45,78
2021-08-26 01:33:50,75
2021-08-26 01:33:55,76
2021-08-26 01:34:05,77
2021-08-26 01:34:10,78
2021-08-26 01:34:15,80
2021-08-26 01:34:20,81
2021-08-26 01:34:25,84
2021-08-26 01:34:30,85
2021-08-26 01:34:35,86
2021-08-26 01:34:40,87
2021-08-26 01:34:45,88
2021-08-26 01:34:50,89
2021-08-26 01:34:55,88
2021-08-26 01:35:00,87
2021-08-26 01:35:05,86
2021-08-26 01:35:10,84
2021-08-26 01:35:15,83
2021-08-26 01:35:20,82
2021-08-26 01:35:30,80
2021-08-26 01:35:35,80
2021-08-26 01:35:50,81
2021-08-26 01:36:05,86
2021-08-26 01:36:10,84
2021-08-26 01:36:15,78
2021-08-26 01:36:20,74
2021-08-26 01:36:35,74
2021-08-26 01:36:40,75
2021-08-26 01:36:45,76
2021-08-26 01:36:50,77
2021-08-26 01:37:05,78
2021-08-26 01:37:10,79
2021-08-26 01:37:20,78
2021-08-26 01:37:35,81
2021-08-26 01:37:40,87
2021-08-26 01:37:45,82
2021-08-26 01:37:50,78
2021-08-26 01:37:55,77
2021-08-26 01:38:00,76
2021-08-26 01:38:05,74
2021-08-26 01:38:10,73
2021-08-26 01:38:25,80
2021-08-26 01:38:30,81
2021-08-26 01:38:35,79
2021-08-26 01:38:45,80
2021-08-26 01:38:55,81
2021-08-26 01:39:00,82
2021-08-26 01:39:05,90
2021-08-26 01:39:10,92
2021-08-26 01:39:15,89
2021-08-26 01:39:20,84
2021-08-26 01:39:25,80
2021-08-26 01:39:30,78
2021-08-26 01:39:45,75
2021-08-26 01:39:50,76
2021-08-26 01:39:55,78
2021-08-26 01:40:00,82
2021-08-26 01:40:05,94
2021-08-26 01:40:10,98
2021-08-26 01:40:15,92
2021-08-26 01:40:20,79
2021-08-26 01:40:25,72
2021-08-26 01:40:30,67
2021-08-26 01:40:45,68
2021-08-26 01:40:50,69
2021-08-26 01:40:55,70
2021-08-26 01:41:00,69
2021-08-26 01:41:15,70
2021-08-26 01:41:25,71
2021-08-26 01:41:30,73
2021-08-26 01:41:35,72
2021-08-26 01:41:40,71
2021-08-26 01:41:45,69
2021-08-26 01:41:50,67
2021-08-26 01:42:00,69
2021-08-26 01:42:05,70
2021-08-26 01:42:15,69
2021-08-26 01:42:25,68
2021-08-26 01:42:40,69
2021-08-26 01:42:45,68
2021-08-26 01:42:50,67
2021-08-26 01:43:00,67
2021-08-26 01:43:10,63
2021-08-26 01:43:25,64
2021-08-26 01:43:30,66
2021-08-26 01:43:35,68
2021-08-26 01:43:40,67
2021-08-26 01:43:45,68
2021-08-26 01:43:55,67
2021-08-26 01:44:10,66
2021-08-26 01:44:25,66
2021-08-26 01:44:30,67
2021-08-26 01:44:35,68
2021-08-26 01:44:45,69
2021-08-26 01:44:50,68
2021-08-26 01:45:05,68
2021-08-26 01:45:15,70
2021-08-26 01:45:20,68
2021-08-26 01:45:25,65
2021-08-26 01:45:30,63
2021-08-26 01:45:35,64
2021-08-26 01:45:40,65
2021-08-26 01:45:45,67
2021-08-26 01:45:55,66
2021-08-26 01:46:00,65
2021-08-26 01:46:10,66
2021-08-26 01:46:15,68
2021-08-26 01:46:20,69
2021-08-26 01:46:25,70
2021-08-26 01:46:35,69
2021-08-26 01:46:50,69
2021-08-26 01:46:55,68
2021-08-26 01:47:00,67
2021-08-26 01:47:05,66
2021-08-26 01:47:10,66
2021-08-26 01:47:15,67
2021-08-26 01:47:20,66
2021-08-26 01:47:25,65
2021-08-26 01:47:30,65
2021-08-26 01:47:40,64
2021-08-26 01:47:45,65
2021-08-26 01:47:55,66
2021-08-26 01:48:10,67
2021-08-26 01:48:25,66
2021-08-26 01:48:35,68
2021-08-26 01:48:40,69
2021-08-26 01:48:50,68
2021-08-26 01:48:55,67
2021-08-26 01:49:01,68
2021-08-26 01:49:06,69
2021-08-26 01:49:16,68
2021-08-26 01:49:31,68
2021-08-26 01:49:36,66
2021-08-26 01:49:41,65
2021-08-26 01:49:46,66
2021-08-26 01:49:56,67
2021-08-26 01:50:11,67
2021-08-26 01:50:26,67
2021-08-26 01:50:31,68
2021-08-26 01:50:46,68
2021-08-26 01:50:51,69
2021-08-26 01:50:56,68
2021-08-26 01:51:01,71
2021-08-26 01:51:06,81
2021-08-26 01:51:11,89
2021-08-26 01:51:16,95
2021-08-26 01:51:21,94
2021-08-26 01:51:26,85
2021-08-26 01:51:31,74
2021-08-26 01:51:36,67
2021-08-26 01:51:41,66
2021-08-26 01:51:46,68
2021-08-26 01:51:56,67
2021-08-26 01:52:11,68
2021-08-26 01:52:21,69
2021-08-26 01:52:36,68
2021-08-26 01:52:41,69
2021-08-26 01:52:51,72
2021-08-26 01:52:56,74
2021-08-26 01:53:06,73
2021-08-26 01:53:11,72
2021-08-26 01:53:16,72
2021-08-26 01:53:21,72
2021-08-26 01:53:31,73
2021-08-26 01:53:36,72
2021-08-26 01:53:46,73
2021-08-26 01:53:51,72
2021-08-26 01:54:06,72
2021-08-26 01:54:11,73
2021-08-26 01:54:21,74
2021-08-26 01:54:36,73
2021-08-26 01:54:41,72
2021-08-26 01:54:56,73
2021-08-26 01:55:06,72
2021-08-26 01:55:21,73
2021-08-26 01:55:31,70
2021-08-26 01:55:36,66
2021-08-26 01:55:41,65
2021-08-26 01:55:46,65
2021-08-26 01:55:51,66
2021-08-26 01:55:56,67
2021-08-26 01:56:06,72
2021-08-26 01:56:11,77
2021-08-26 01:56:16,76
2021-08-26 01:56:21,70
2021-08-26 01:56:26,66
2021-08-26 01:56:31,67
2021-08-26 01:56:36,68
2021-08-26 01:56:41,69
2021-08-26 01:56:56,69
2021-08-26 01:57:01,71
2021-08-26 01:57:06,72
2021-08-26 01:57:16,71
2021-08-26 01:57:26,70
2021-08-26 01:57:31,71
2021-08-26 01:57:36,73
2021-08-26 01:57:41,74
2021-08-26 01:57:46,73
2021-08-26 01:57:56,72
2021-08-26 01:58:06,71
2021-08-26 01:58:16,72
2021-08-26 01:58:21,73
2021-08-26 01:58:26,72
2021-08-26 01:58:36,73
2021-08-26 01:58:51,73
2021-08-26 01:58:56,73
2021-08-26 01:59:01,73
2021-08-26 01:59:06,72
2021-08-26 01:59:11,71
2021-08-26 01:59:16,72
2021-08-26 01:59:31,73
2021-08-26 01:59:36,74
2021-08-26 01:59:41,75
2021-08-26 01:59:46,74
2021-08-26 01:59:51,73
2021-08-26 02:00:01,74
2021-08-26 02:00:06,75
2021-08-26 02:00:11,74
2021-08-26 02:00:21,73
2021-08-26 02:00:26,72
2021-08-26 02:00:36,73
2021-08-26 02:00:46,74
2021-08-26 02:01:01,75
2021-08-26 02:01:06,74
2021-08-26 02:01:11,72
2021-08-26 02:01:26,73
2021-08-26 02:01:36,72
2021-08-26 02:01:46,73
2021-08-26 02:01:51,74
2021-08-26 02:01:56,75
2021-08-26 02:02:06,74
2021-08-26 02:02:21,71
2021-08-26 02:02:26,69
2021-08-26 02:02:31,68
2021-08-26 02:02:36,69
2021-08-26 02:02:46,70
2021-08-26 02:02:51,71
2021-08-26 02:02:56,72
2021-08-26 02:03:01,73
2021-08-26 02:03:06,72
2021-08-26 02:03:11,73
2021-08-26 02:03:16,74
2021-08-26 02:03:21,73
2021-08-26 02:03:26,71
2021-08-26 02:03:36,72
2021-08-26 02:03:41,73
2021-08-26 02:03:56,73
2021-08-26 02:04:11,72
2021-08-26 02:04:16,71
2021-08-26 02:04:31,72
2021-08-26 02:04:36,73
2021-08-26 02:04:41,74
2021-08-26 02:04:56,71
2021-08-26 02:05:01,69
2021-08-26 02:05:11,71
2021-08-26 02:05:16,73
2021-08-26 02:05:31,73
2021-08-26 02:05:36,74
2021-08-26 02:05:41,73
2021-08-26 02:05:46,74
2021-08-26 02:05:51,75
2021-08-26 02:05:56,74
2021-08-26 02:06:02,73
2021-08-26 02:06:07,72
2021-08-26 02:06:12,71
2021-08-26 02:06:17,72
2021-08-26 02:06:22,73
2021-08-26 02:06:27,74
2021-08-26 02:06:37,73
2021-08-26 02:06:42,72
2021-08-26 02:06:47,73
2021-08-26 02:06:52,72
2021-08-26 02:06:57,69
2021-08-26 02:07:02,66
2021-08-26 02:07:12,70
2021-08-26 02:07:17,72
2021-08-26 02:07:22,71
2021-08-26 02:07:27,70
2021-08-26 02:07:32,71
2021-08-26 02:07:47,72
2021-08-26 02:07:52,73
2021-08-26 02:07:57,71
2021-08-26 02:08:02,69
2021-08-26 02:08:07,69
2021-08-26 02:08:12,72
2021-08-26 02:08:17,72
2021-08-26 02:08:22,68
2021-08-26 02:08:32,69
2021-08-26 02:08:37,70
2021-08-26 02:08:42,71
2021-08-26 02:08:47,73
2021-08-26 02:08:57,72
2021-08-26 02:09:12,74
2021-08-26 02:09:17,73
2021-08-26 02:09:22,72
2021-08-26 02:09:37,72
2021-08-26 02:09:42,73
2021-08-26 02:09:47,72
2021-08-26 02:09:52,71
2021-08-26 02:10:07,72
2021-08-26 02:10:12,73
2021-08-26 02:10:17,75
2021-08-26 02:10:22,74
2021-08-26 02:10:32,73
2021-08-26 02:10:37,71
2021-08-26 02:10:47,72
2021-08-26 02:10:52,73
2021-08-26 02:11:02,70
2021-08-26 02:11:07,68
2021-08-26 02:11:17,70
2021-08-26 02:11:22,71
2021-08-26 02:11:37,71
2021-08-26 02:11:52,70
2021-08-26 02:11:57,69
2021-08-26 02:12:12,70
2021-08-26 02:12:17,71
2021-08-26 02:12:22,72
2021-08-26 02:12:37,72
2021-08-26 02:12:52,72
2021-08-26 02:13:07,72
2021-08-26 02:13:22,72
2021-08-26 02:13:27,71
2021-08-26 02:13:42,71
2021-08-26 02:13:57,72
2021-08-26 02:14:02,73
2021-08-26 02:14:12,74
2021-08-26 02:14:17,76
2021-08-26 02:14:22,75
2021-08-26 02:14:27,74
2021-08-26 02:14:32,72
2021-08-26 02:14:37,70
2021-08-26 02:14:42,69
2021-08-26 02:14:47,70
2021-08-26 02:14:57,71
2021-08-26 02:15:02,72
2021-08-26 02:15:17,72
2021-08-26 02:15:27,71
2021-08-26 02:15:32,71
2021-08-26 02:15:42,72
2021-08-26 02:15:47,74
2021-08-26 02:15:52,83
2021-08-26 02:15:57,91
2021-08-26 02:16:02,96
2021-08-26 02:16:07,93
2021-08-26 02:16:12,84
2021-08-26 02:16:17,74
2021-08-26 02:16:22,67
2021-08-26 02:16:27,65
2021-08-26 02:16:32,66
2021-08-26 02:16:37,65
2021-08-26 02:16:42,64
2021-08-26 02:16:52,66
2021-08-26 02:17:02,67
2021-08-26 02:17:07,66
2021-08-26 02:17:12,67
2021-08-26 02:17:22,66
2021-08-26 02:17:37,67
2021-08-26 02:17:47,68
2021-08-26 02:17:57,67
2021-08-26 02:18:02,65
2021-08-26 02:18:12,66
2021-08-26 02:18:17,67
2021-08-26 02:18:32,67
2021-08-26 02:18:37,68
2021-08-26 02:18:47,69
2021-08-26 02:19:02,68
2021-08-26 02:19:07,68
2021-08-26 02:19:12,67
2021-08-26 02:19:22,68
2021-08-26 02:19:27,69
2021-08-26 02:19:42,68
2021-08-26 02:19:57,68
2021-08-26 02:20:14,68
2021-08-26 02:20:19,70
2021-08-26 02:20:24,69
2021-08-26 02:20:29,68
2021-08-26 02:20:39,69
2021-08-26 02:20:44,68
2021-08-26 02:20:49,69
2021-08-26 02:21:04,69
2021-08-26 02:21:09,68
2021-08-26 02:21:19,67
2021-08-26 02:21:34,67
2021-08-26 02:21:39,68
2021-08-26 02:21:44,69
2021-08-26 02:21:49,68
2021-08-26 02:21:54,63
2021-08-26 02:21:59,61
2021-08-26 02:22:09,63
2021-08-26 02:22:14,64
2021-08-26 02:22:19,66
2021-08-26 02:22:29,64
2021-08-26 02:22:34,63
2021-08-26 02:22:44,64
2021-08-26 02:22:49,66
2021-08-26 02:22:54,67
2021-08-26 02:22:59,65
2021-08-26 02:23:04,62
2021-08-26 02:23:10,61
2021-08-26 02:23:15,63
2021-08-26 02:23:30,63
2021-08-26 02:23:35,64
2021-08-26 02:23:50,64
2021-08-26 02:23:55,62
2021-08-26 02:24:00,61
2021-08-26 02:24:05,62
2021-08-26 02:24:10,63
2021-08-26 02:24:15,64
2021-08-26 02:24:20,63
2021-08-26 02:24:30,64
2021-08-26 02:24:35,65
2021-08-26 02:24:45,62
2021-08-26 02:24:50,60
2021-08-26 02:24:55,61
2021-08-26 02:25:00,62
2021-08-26 02:25:05,63
2021-08-26 02:25:10,65
2021-08-26 02:25:15,68
2021-08-26 02:25:20,63
2021-08-26 02:25:25,62
2021-08-26 02:25:30,63
2021-08-26 02:25:45,64
2021-08-26 02:25:55,65
2021-08-26 02:26:00,67
2021-08-26 02:26:05,70
2021-08-26 02:26:10,64
2021-08-26 02:26:15,63
2021-08-26 02:26:30,63
2021-08-26 02:26:35,65
2021-08-26 02:26:40,66
2021-08-26 02:26:55,65
2021-08-26 02:27:10,66
2021-08-26 02:27:20,67
2021-08-26 02:27:25,68
2021-08-26 02:27:40,68
2021-08-26 02:27:45,66
2021-08-26 02:27:50,64
2021-08-26 02:27:55,63
2021-08-26 02:28:00,64
2021-08-26 02:28:05,65
2021-08-26 02:28:15,67
2021-08-26 02:28:20,68
2021-08-26 02:28:25,66
2021-08-26 02:28:40,66
2021-08-26 02:28:55,67
2021-08-26 02:29:00,68
2021-08-26 02:29:05,67
2021-08-26 02:29:10,66
2021-08-26 02:29:15,67
2021-08-26 02:29:20,66
2021-08-26 02:29:35,67
2021-08-26 02:29:50,66
2021-08-26 02:29:55,66
2021-08-26 02:30:10,67
2021-08-26 02:30:25,67
2021-08-26 02:30:35,64
2021-08-26 02:30:50,66
2021-08-26 02:30:55,68
2021-08-26 02:31:00,67
2021-08-26 02:31:10,69
2021-08-26 02:31:20,68
2021-08-26 02:31:25,67
2021-08-26 02:31:40,67
2021-08-26 02:31:50,66
2021-08-26 02:32:05,65
2021-08-26 02:32:15,66
2021-08-26 02:32:20,67
2021-08-26 02:32:30,66
2021-08-26 02:32:45,66
2021-08-26 02:32:50,67
2021-08-26 02:33:05,68
2021-08-26 02:33:10,67
2021-08-26 02:33:25,67
2021-08-26 02:33:35,68
2021-08-26 02:33:50,69
2021-08-26 02:34:00,68
2021-08-26 02:34:05,66
2021-08-26 02:34:10,65
2021-08-26 02:34:15,66
2021-08-26 02:34:20,67
2021-08-26 02:34:35,65
2021-08-26 02:34:40,63
2021-08-26 02:34:45,64
2021-08-26 02:34:50,67
2021-08-26 02:35:05,66
2021-08-26 02:35:15,67
2021-08-26 02:35:25,68
2021-08-26 02:35:30,69
2021-08-26 02:35:35,66
2021-08-26 02:35:40,64
2021-08-26 02:35:45,63
2021-08-26 02:36:00,64
2021-08-26 02:36:10,66
2021-08-26 02:36:15,68
2021-08-26 02:36:25,67
2021-08-26 02:36:30,66
2021-08-26 02:36:35,66
2021-08-26 02:36:40,65
2021-08-26 02:36:45,63
2021-08-26 02:36:50,62
2021-08-26 02:36:55,64
2021-08-26 02:37:00,65
2021-08-26 02:37:05,64
2021-08-26 02:37:15,65
2021-08-26 02:37:20,64
2021-08-26 02:37:25,62
2021-08-26 02:37:30,63
2021-08-26 02:37:35,65
2021-08-26 02:37:40,66
2021-08-26 02:37:55,66
2021-08-26 02:38:10,66
2021-08-26 02:38:15,67
2021-08-26 02:38:25,68
2021-08-26 02:38:30,65
2021-08-26 02:38:35,62
2021-08-26 02:38:40,59
2021-08-26 02:38:45,60
2021-08-26 02:38:50,62
2021-08-26 02:39:05,62
2021-08-26 02:39:20,63
2021-08-26 02:39:25,64
2021-08-26 02:39:35,65
2021-08-26 02:39:40,64
2021-08-26 02:39:55,64
2021-08-26 02:40:05,65
2021-08-26 02:40:16,64
2021-08-26 02:40:31,65
2021-08-26 02:40:36,66
2021-08-26 02:40:41,62
2021-08-26 02:40:46,60
2021-08-26 02:41:01,62
2021-08-26 02:41:06,65
2021-08-26 02:41:11,66
2021-08-26 02:41:16,64
2021-08-26 02:41:21,61
2021-08-26 02:41:26,59
2021-08-26 02:41:41,59
2021-08-26 02:41:46,61
2021-08-26 02:41:51,60
2021-08-26 02:42:01,61
2021-08-26 02:42:06,62
2021-08-26 02:42:21,61
2021-08-26 02:42:26,62
2021-08-26 02:42:41,65
2021-08-26 02:42:46,74
2021-08-26 02:42:51,80
2021-08-26 02:42:56,84
2021-08-26 02:43:01,79
2021-08-26 02:43:06,78
2021-08-26 02:43:16,86
2021-08-26 02:43:21,93
2021-08-26 02:43:26,92
2021-08-26 02:43:31,84
2021-08-26 02:43:36,75
2021-08-26 02:43:41,70
2021-08-26 02:43:46,63
2021-08-26 02:43:56,66
2021-08-26 02:44:01,67
2021-08-26 02:44:06,65
2021-08-26 02:44:16,67
2021-08-26 02:44:21,66
2021-08-26 02:44:26,64
2021-08-26 02:44:31,62
2021-08-26 02:44:36,61
2021-08-26 02:44:41,60
2021-08-26 02:44:51,62
2021-08-26 02:44:56,65
2021-08-26 02:45:01,67
2021-08-26 02:45:06,66
2021-08-26 02:45:16,67
2021-08-26 02:45:21,66
2021-08-26 02:45:31,65
2021-08-26 02:45:36,60
2021-08-26 02:45:46,67
2021-08-26 02:45:51,69
2021-08-26 02:45:56,61
2021-08-26 02:46:01,59
2021-08-26 02:46:11,61
2021-08-26 02:46:16,64
2021-08-26 02:46:21,66
2021-08-26 02:46:36,67
2021-08-26 02:46:41,66
2021-08-26 02:46:56,67
2021-08-26 02:47:01,66
2021-08-26 02:47:06,65
2021-08-26 02:47:11,63
2021-08-26 02:47:16,62
2021-08-26 02:47:31,63
2021-08-26 02:47:41,64
2021-08-26 02:47:51,65
2021-08-26 02:48:06,65
2021-08-26 02:48:11,64
2021-08-26 02:48:21,65
2021-08-26 02:48:26,64
2021-08-26 02:48:36,63
2021-08-26 02:48:41,62
2021-08-26 02:48:51,63
2021-08-26 02:48:56,64
2021-08-26 02:49:01,65
2021-08-26 02:49:06,66
2021-08-26 02:49:11,65
2021-08-26 02:49:16,66
2021-08-26 02:49:26,65
2021-08-26 02:49:31,61
2021-08-26 02:49:41,63
2021-08-26 02:49:46,65
2021-08-26 02:49:51,64
2021-08-26 02:49:56,65
2021-08-26 02:50:01,68
2021-08-26 02:50:06,70
2021-08-26 02:50:11,71
2021-08-26 02:50:16,70
2021-08-26 02:50:31,71
2021-08-26 02:50:36,73
2021-08-26 02:50:46,71
2021-08-26 02:50:51,67
2021-08-26 02:50:56,64
2021-08-26 02:51:01,66
2021-08-26 02:51:06,68
2021-08-26 02:51:11,69
2021-08-26 02:51:16,71
2021-08-26 02:51:21,72
2021-08-26 02:51:26,73
2021-08-26 02:51:36,72
2021-08-26 02:51:51,71
2021-08-26 02:51:56,70
2021-08-26 02:52:06,71
2021-08-26 02:52:16,70
2021-08-26 02:52:21,67
2021-08-26 02:52:31,69
2021-08-26 02:52:36,71
2021-08-26 02:52:46,69
2021-08-26 02:52:51,68
2021-08-26 02:52:56,70
2021-08-26 02:53:01,72
2021-08-26 02:53:06,74
2021-08-26 02:53:11,75
2021-08-26 02:53:16,77
2021-08-26 02:53:21,78
2021-08-26 02:53:31,76
2021-08-26 02:53:36,73
2021-08-26 02:53:41,71
2021-08-26 02:53:46,70
2021-08-26 02:53:51,69
2021-08-26 02:53:56,70
2021-08-26 02:54:01,72
2021-08-26 02:54:06,71
2021-08-26 02:54:11,69
2021-08-26 02:54:21,70
2021-08-26 02:54:26,72
2021-08-26 02:54:36,74
2021-08-26 02:54:51,76
2021-08-26 02:55:06,78
2021-08-26 02:55:11,77
2021-08-26 02:55:16,76
2021-08-26 02:55:31,77
2021-08-26 02:55:36,76
2021-08-26 02:55:41,76
2021-08-26 02:55:56,75
2021-08-26 02:56:01,74
2021-08-26 02:56:11,73
2021-08-26 02:56:16,72
2021-08-26 02:56:21,71
2021-08-26 02:56:31,72
2021-08-26 02:56:36,73
2021-08-26 02:56:51,72
2021-08-26 02:57:06,72
2021-08-26 02:57:17,74
2021-08-26 02:57:22,76
2021-08-26 02:57:27,77
2021-08-26 02:57:32,78
2021-08-26 02:57:42,79
2021-08-26 02:57:57,80
2021-08-26 02:58:02,92
2021-08-26 02:58:07,103
2021-08-26 02:58:12,108
2021-08-26 02:58:17,102
2021-08-26 02:58:22,101
2021-08-26 02:58:27,99
2021-08-26 02:58:32,93
2021-08-26 02:58:37,88
2021-08-26 02:58:42,83
2021-08-26 02:58:47,76
2021-08-26 02:58:52,71
2021-08-26 02:58:57,64
2021-08-26 02:59:02,63
2021-08-26 02:59:07,63
2021-08-26 02:59:17,60
2021-08-26 02:59:22,58
2021-08-26 02:59:27,59
2021-08-26 02:59:32,60
2021-08-26 02:59:37,59
2021-08-26 02:59:42,62
2021-08-26 02:59:47,68
2021-08-26 02:59:52,64
2021-08-26 02:59:57,61
2021-08-26 03:00:02,59
2021-08-26 03:00:12,61
2021-08-26 03:00:17,62
2021-08-26 03:00:22,63
2021-08-26 03:00:27,66
2021-08-26 03:00:32,70
2021-08-26 03:00:37,68
2021-08-26 03:00:42,63
2021-08-26 03:00:49,59
2021-08-26 03:00:54,55
2021-08-26 03:00:59,53
2021-08-26 03:01:09,54
2021-08-26 03:01:14,57
2021-08-26 03:01:19,59
2021-08-26 03:01:24,60
2021-08-26 03:01:29,63
2021-08-26 03:01:34,64
2021-08-26 03:01:39,63
2021-08-26 03:01:44,62
2021-08-26 03:01:49,61
2021-08-26 03:01:54,62
2021-08-26 03:01:59,66
2021-08-26 03:02:04,68
2021-08-26 03:02:09,69
2021-08-26 03:02:14,70
2021-08-26 03:02:19,71
2021-08-26 03:02:29,72
2021-08-26 03:02:34,73
2021-08-26 03:02:39,74
2021-08-26 03:02:44,72
2021-08-26 03:02:49,64
2021-08-26 03:02:54,63
2021-08-26 03:02:59,64
2021-08-26 03:03:04,66
2021-08-26 03:03:09,69
2021-08-26 03:03:14,69
2021-08-26 03:03:19,68
2021-08-26 03:03:24,66
2021-08-26 03:03:29,67
2021-08-26 03:03:34,68
2021-08-26 03:03:39,70
2021-08-26 03:03:54,70
2021-08-26 03:03:59,68
2021-08-26 03:04:04,67
2021-08-26 03:04:09,63
2021-08-26 03:04:19,64
2021-08-26 03:04:34,65
2021-08-26 03:04:39,67
2021-08-26 03:04:44,69
2021-08-26 03:04:49,72
2021-08-26 03:04:54,74
2021-08-26 03:05:04,73
2021-08-26 03:05:14,74
2021-08-26 03:05:29,73
2021-08-26 03:05:34,71
2021-08-26 03:05:39,70
2021-08-26 03:05:44,71
2021-08-26 03:05:49,73
2021-08-26 03:05:54,73
2021-08-26 03:06:04,73
2021-08-26 03:06:09,70
2021-08-26 03:06:14,67
2021-08-26 03:06:19,65
2021-08-26 03:06:24,63
2021-08-26 03:06:29,66
2021-08-26 03:06:34,69
2021-08-26 03:06:39,73
2021-08-26 03:06:44,74
2021-08-26 03:06:54,73
2021-08-26 03:06:59,70
2021-08-26 03:07:04,69
2021-08-26 03:07:14,70
2021-08-26 03:07:19,71
2021-08-26 03:07:24,70
2021-08-26 03:07:34,69
2021-08-26 03:07:49,68
2021-08-26 03:07:59,69
2021-08-26 03:08:04,67
2021-08-26 03:08:09,63
2021-08-26 03:08:14,60
2021-08-26 03:08:29,60
2021-08-26 03:08:34,61
2021-08-26 03:08:39,62
2021-08-26 03:08:44,63
2021-08-26 03:08:49,65
2021-08-26 03:08:54,67
2021-08-26 03:09:09,67
2021-08-26 03:09:14,68
2021-08-26 03:09:24,69
2021-08-26 03:09:29,77
2021-08-26 03:09:34,83
2021-08-26 03:09:39,79
2021-08-26 03:09:44,69
2021-08-26 03:09:49,62
2021-08-26 03:09:54,59
2021-08-26 03:09:59,60
2021-08-26 03:10:04,62
2021-08-26 03:10:09,63
2021-08-26 03:10:14,65
2021-08-26 03:10:19,66
2021-08-26 03:10:24,69
2021-08-26 03:10:29,74
2021-08-26 03:10:34,76
2021-08-26 03:10:39,68
2021-08-26 03:10:44,61
2021-08-26 03:10:49,58
2021-08-26 03:10:59,59
2021-08-26 03:11:04,60
2021-08-26 03:11:09,62
2021-08-26 03:11:14,63
2021-08-26 03:11:19,63
2021-08-26 03:11:29,65
2021-08-26 03:11:34,64
2021-08-26 03:11:39,65
2021-08-26 03:11:44,66
2021-08-26 03:11:49,68
2021-08-26 03:11:54,69
2021-08-26 03:11:59,68
2021-08-26 03:12:04,67
2021-08-26 03:12:09,67
2021-08-26 03:12:14,66
2021-08-26 03:12:19,64
2021-08-26 03:12:24,57
2021-08-26 03:12:29,55
2021-08-26 03:12:44,55
2021-08-26 03:12:49,55
2021-08-26 03:12:54,57
2021-08-26 03:12:59,57
2021-08-26 03:13:04,59
2021-08-26 03:13:09,62
2021-08-26 03:13:14,66
2021-08-26 03:13:19,68
2021-08-26 03:13:24,72
2021-08-26 03:13:29,75
2021-08-26 03:13:34,78
2021-08-26 03:13:39,79
2021-08-26 03:13:44,75
2021-08-26 03:13:49,71
2021-08-26 03:13:54,69
2021-08-26 03:13:59,67
2021-08-26 03:14:09,68
2021-08-26 03:14:14,70
2021-08-26 03:14:19,69
2021-08-26 03:14:25,67
2021-08-26 03:14:30,68
2021-08-26 03:14:45,68
2021-08-26 03:14:55,69
2021-08-26 03:15:00,70
2021-08-26 03:15:05,68
2021-08-26 03:15:10,67
2021-08-26 03:15:20,66
2021-08-26 03:15:35,67
2021-08-26 03:15:40,68
2021-08-26 03:15:45,69
2021-08-26 03:15:50,71
2021-08-26 03:16:00,70
2021-08-26 03:16:10,71
2021-08-26 03:16:25,70
2021-08-26 03:16:30,69
2021-08-26 03:16:35,70
2021-08-26 03:16:50,71
2021-08-26 03:16:55,72
2021-08-26 03:17:00,72
2021-08-26 03:17:05,71
2021-08-26 03:17:20,70
2021-08-26 03:17:25,69
2021-08-26 03:17:30,67
2021-08-26 03:17:45,67
2021-08-26 03:17:50,67
2021-08-26 03:17:55,68
2021-08-26 03:18:00,68
2021-08-26 03:18:05,70
2021-08-26 03:18:10,78
2021-08-26 03:18:15,85
2021-08-26 03:18:20,82
2021-08-26 03:18:25,73
2021-08-26 03:18:30,67
2021-08-26 03:18:35,69
2021-08-26 03:18:40,70
2021-08-26 03:18:45,76
2021-08-26 03:18:50,88
2021-08-26 03:18:55,88
2021-08-26 03:19:00,86
2021-08-26 03:19:05,84
2021-08-26 03:19:10,73
2021-08-26 03:19:15,65
2021-08-26 03:19:20,66
2021-08-26 03:19:25,67
2021-08-26 03:19:30,68
2021-08-26 03:19:35,71
2021-08-26 03:19:40,72
2021-08-26 03:19:45,73
2021-08-26 03:19:50,71
2021-08-26 03:19:55,69
2021-08-26 03:20:00,67
2021-08-26 03:20:05,68
2021-08-26 03:20:15,69
2021-08-26 03:20:20,70
2021-08-26 03:20:25,71
2021-08-26 03:20:30,69
2021-08-26 03:20:40,72
2021-08-26 03:20:45,74
2021-08-26 03:20:50,73
2021-08-26 03:21:05,74
2021-08-26 03:21:10,72
2021-08-26 03:21:15,70
2021-08-26 03:21:20,68
2021-08-26 03:21:25,65
2021-08-26 03:21:35,66
2021-08-26 03:21:40,67
2021-08-26 03:21:45,68
2021-08-26 03:22:00,69
2021-08-26 03:22:10,70
2021-08-26 03:22:15,72
2021-08-26 03:22:20,71
2021-08-26 03:22:25,70
2021-08-26 03:22:30,68
2021-08-26 03:22:35,66
2021-08-26 03:22:50,67
2021-08-26 03:22:55,66
2021-08-26 03:23:00,65
2021-08-26 03:23:05,65
2021-08-26 03:23:20,66
2021-08-26 03:23:25,65
2021-08-26 03:23:40,66
2021-08-26 03:23:50,68
2021-08-26 03:23:55,62
2021-08-26 03:24:00,59
2021-08-26 03:24:05,60
2021-08-26 03:24:10,62
2021-08-26 03:24:15,63
2021-08-26 03:24:20,62
2021-08-26 03:24:30,64
2021-08-26 03:24:35,65
2021-08-26 03:24:40,67
2021-08-26 03:24:45,68
2021-08-26 03:25:00,76
2021-08-26 03:25:05,85
2021-08-26 03:25:10,91
2021-08-26 03:25:15,96
2021-08-26 03:25:20,90
2021-08-26 03:25:25,83
2021-08-26 03:25:30,85
2021-08-26 03:25:35,87
2021-08-26 03:25:40,80
2021-08-26 03:25:45,71
2021-08-26 03:25:50,65
2021-08-26 03:25:55,62
2021-08-26 03:26:00,63
2021-08-26 03:26:05,64
2021-08-26 03:26:10,65
2021-08-26 03:26:15,67
2021-08-26 03:26:20,72
2021-08-26 03:26:25,73
2021-08-26 03:26:30,67
2021-08-26 03:26:35,62
2021-08-26 03:26:40,62
2021-08-26 03:26:45,59
2021-08-26 03:26:55,60
2021-08-26 03:27:05,61
2021-08-26 03:27:10,66
2021-08-26 03:27:15,71
2021-08-26 03:27:20,78
2021-08-26 03:27:25,80
2021-08-26 03:27:30,76
2021-08-26 03:27:36,69
2021-08-26 03:27:41,63
2021-08-26 03:27:46,66
2021-08-26 03:27:51,66
2021-08-26 03:27:56,66
2021-08-26 03:28:01,68
2021-08-26 03:28:11,69
2021-08-26 03:28:16,70
2021-08-26 03:28:21,71
2021-08-26 03:28:31,72
2021-08-26 03:28:36,71
2021-08-26 03:28:51,71
2021-08-26 03:29:06,71
2021-08-26 03:29:11,73
2021-08-26 03:29:16,72
2021-08-26 03:29:21,70
2021-08-26 03:29:26,69
2021-08-26 03:29:31,68
2021-08-26 03:29:36,69
2021-08-26 03:29:41,72
2021-08-26 03:29:46,73
2021-08-26 03:30:01,74
2021-08-26 03:30:06,71
2021-08-26 03:30:21,72
2021-08-26 03:30:36,72
2021-08-26 03:30:46,70
2021-08-26 03:30:51,68
2021-08-26 03:30:58,69
2021-08-26 03:31:03,68
2021-08-26 03:31:08,66
2021-08-26 03:31:13,65
2021-08-26 03:31:29,65
2021-08-26 03:31:34,66
2021-08-26 03:31:49,67
2021-08-26 03:31:54,66
2021-08-26 03:31:59,64
2021-08-26 03:32:04,63
2021-08-26 03:32:09,64
2021-08-26 03:32:14,67
2021-08-26 03:32:24,68
2021-08-26 03:32:39,67
2021-08-26 03:32:49,66
2021-08-26 03:32:54,67
2021-08-26 03:32:59,68
2021-08-26 03:33:14,68
2021-08-26 03:33:19,69
2021-08-26 03:33:24,69
2021-08-26 03:33:29,69
2021-08-26 03:33:44,69
2021-08-26 03:33:59,69
2021-08-26 03:34:04,70
2021-08-26 03:34:19,70
2021-08-26 03:34:24,69
2021-08-26 03:34:29,70
2021-08-26 03:34:34,76
2021-08-26 03:34:39,80
2021-08-26 03:34:44,85
2021-08-26 03:34:49,89
2021-08-26 03:34:54,86
2021-08-26 03:34:59,78
2021-08-26 03:35:04,71
2021-08-26 03:35:09,67
2021-08-26 03:35:14,72
2021-08-26 03:35:19,83
2021-08-26 03:35:29,83
2021-08-26 03:35:34,76
2021-08-26 03:35:39,66
2021-08-26 03:35:49,63
2021-08-26 03:35:59,64
2021-08-26 03:36:09,63
2021-08-26 03:36:19,64
2021-08-26 03:36:24,65
2021-08-26 03:36:29,66
2021-08-26 03:36:34,68
2021-08-26 03:36:39,73
2021-08-26 03:36:44,78
2021-08-26 03:36:49,83
2021-08-26 03:36:54,85
2021-08-26 03:36:59,78
2021-08-26 03:37:04,69
2021-08-26 03:37:09,65
2021-08-26 03:37:14,68
2021-08-26 03:37:19,69
2021-08-26 03:37:34,71
2021-08-26 03:37:39,77
2021-08-26 03:37:49,71
2021-08-26 03:37:54,65
2021-08-26 03:37:59,67
2021-08-26 03:38:04,68
2021-08-26 03:38:14,69
2021-08-26 03:38:29,70
2021-08-26 03:38:34,69
2021-08-26 03:38:44,67
2021-08-26 03:38:49,68
2021-08-26 03:38:54,66
2021-08-26 03:39:04,65
2021-08-26 03:39:09,65
2021-08-26 03:39:19,64
2021-08-26 03:39:29,66
2021-08-26 03:39:34,71
2021-08-26 03:39:39,76
2021-08-26 03:39:49,72
2021-08-26 03:39:54,67
2021-08-26 03:40:04,70
2021-08-26 03:40:09,69
2021-08-26 03:40:14,69
2021-08-26 03:40:19,65
2021-08-26 03:40:24,63
2021-08-26 03:40:34,62
2021-08-26 03:40:39,62
2021-08-26 03:40:44,63
2021-08-26 03:40:49,63
2021-08-26 03:41:04,63
2021-08-26 03:41:09,64
2021-08-26 03:41:14,63
2021-08-26 03:41:29,63
2021-08-26 03:41:44,63
2021-08-26 03:41:49,64
2021-08-26 03:42:04,65
2021-08-26 03:42:19,65
2021-08-26 03:42:34,64
2021-08-26 03:42:44,64
2021-08-26 03:42:54,66
2021-08-26 03:42:59,70
2021-08-26 03:43:04,66
2021-08-26 03:43:09,75
2021-08-26 03:43:14,75
2021-08-26 03:43:19,67
2021-08-26 03:43:24,64
2021-08-26 03:43:29,64
2021-08-26 03:43:39,64
2021-08-26 03:43:49,65
2021-08-26 03:43:59,64
2021-08-26 03:44:14,64
2021-08-26 03:44:19,65
2021-08-26 03:44:24,65
2021-08-26 03:44:29,62
2021-08-26 03:44:34,63
2021-08-26 03:44:39,64
2021-08-26 03:44:49,65
2021-08-26 03:44:54,65
2021-08-26 03:44:59,67
2021-08-26 03:45:04,74
2021-08-26 03:45:09,68
2021-08-26 03:45:14,66
2021-08-26 03:45:24,65
2021-08-26 03:45:34,63
2021-08-26 03:45:39,63
2021-08-26 03:45:54,62
2021-08-26 03:45:59,63
2021-08-26 03:46:04,61
2021-08-26 03:46:09,61
2021-08-26 03:46:14,62
2021-08-26 03:46:19,63
2021-08-26 03:46:29,64
2021-08-26 03:46:34,75
2021-08-26 03:46:39,91
2021-08-26 03:46:44,86
2021-08-26 03:46:49,89
2021-08-26 03:46:54,94
2021-08-26 03:46:59,98
2021-08-26 03:47:04,95
2021-08-26 03:47:09,89
2021-08-26 03:47:14,75
2021-08-26 03:47:19,72
2021-08-26 03:47:24,70
2021-08-26 03:47:29,73
2021-08-26 03:47:39,71
2021-08-26 03:47:44,70
2021-08-26 03:47:49,72
2021-08-26 03:47:54,73
2021-08-26 03:47:59,69
2021-08-26 03:48:04,66
2021-08-26 03:48:09,65
2021-08-26 03:48:14,67
2021-08-26 03:48:19,68
2021-08-26 03:48:24,69
2021-08-26 03:48:29,68
2021-08-26 03:48:35,68
2021-08-26 03:48:40,69
2021-08-26 03:48:45,69
2021-08-26 03:48:55,68
2021-08-26 03:49:00,67
2021-08-26 03:49:05,66
2021-08-26 03:49:10,67
2021-08-26 03:49:20,68
2021-08-26 03:49:25,68
2021-08-26 03:49:35,72
2021-08-26 03:49:40,71
2021-08-26 03:49:45,72
2021-08-26 03:49:55,67
2021-08-26 03:50:00,64
2021-08-26 03:50:10,65
2021-08-26 03:50:15,67
2021-08-26 03:50:20,66
2021-08-26 03:50:25,68
2021-08-26 03:50:30,69
2021-08-26 03:50:35,69
2021-08-26 03:50:45,70
2021-08-26 03:50:50,74
2021-08-26 03:50:55,85
2021-08-26 03:51:00,84
2021-08-26 03:51:05,75
2021-08-26 03:51:10,71
2021-08-26 03:51:15,68
2021-08-26 03:51:20,66
2021-08-26 03:51:25,65
2021-08-26 03:51:40,64
2021-08-26 03:51:55,64
2021-08-26 03:52:05,63
2021-08-26 03:52:20,63
2021-08-26 03:52:35,62
2021-08-26 03:52:50,62
2021-08-26 03:52:55,63
2021-08-26 03:53:05,62
2021-08-26 03:53:15,64
2021-08-26 03:53:20,63
2021-08-26 03:53:30,62
2021-08-26 03:53:35,61
2021-08-26 03:53:45,63
2021-08-26 03:54:00,63
2021-08-26 03:54:05,62
2021-08-26 03:54:20,62
2021-08-26 03:54:25,61
2021-08-26 03:54:30,60
2021-08-26 03:54:45,60
2021-08-26 03:54:55,59
2021-08-26 03:55:00,58
2021-08-26 03:55:10,59
2021-08-26 03:55:25,60
2021-08-26 03:55:30,62
2021-08-26 03:55:35,66
2021-08-26 03:55:40,63
2021-08-26 03:55:45,60
2021-08-26 03:55:55,61
2021-08-26 03:56:10,61
2021-08-26 03:56:15,62
2021-08-26 03:56:20,63
2021-08-26 03:56:25,61
2021-08-26 03:56:30,59
2021-08-26 03:56:35,60
2021-08-26 03:56:40,61
2021-08-26 03:56:45,62
2021-08-26 03:57:00,63
2021-08-26 03:57:15,62
2021-08-26 03:57:25,63
2021-08-26 03:57:30,63
2021-08-26 03:57:45,63
2021-08-26 03:57:50,64
2021-08-26 03:57:55,61
2021-08-26 03:58:05,69
2021-08-26 03:58:10,70
2021-08-26 03:58:15,69
2021-08-26 03:58:20,64
2021-08-26 03:58:25,60
2021-08-26 03:58:30,59
2021-08-26 03:58:35,60
2021-08-26 03:58:50,61
2021-08-26 03:58:55,62
2021-08-26 03:59:10,63
2021-08-26 03:59:20,61
2021-08-26 03:59:25,60
2021-08-26 03:59:40,59
2021-08-26 03:59:45,60
2021-08-26 04:00:00,59
2021-08-26 04:00:10,59
2021-08-26 04:00:20,58
2021-08-26 04:00:25,56
2021-08-26 04:00:30,53
2021-08-26 04:00:35,55
2021-08-26 04:00:40,57
2021-08-26 04:00:50,58
2021-08-26 04:00:55,59
2021-08-26 04:01:10,60
2021-08-26 04:01:15,61
2021-08-26 04:01:20,61
2021-08-26 04:01:30,60
2021-08-26 04:01:35,59
2021-08-26 04:01:40,57
2021-08-26 04:01:50,58
2021-08-26 04:01:55,59
2021-08-26 04:02:05,60
2021-08-26 04:02:10,59
2021-08-26 04:02:15,59
2021-08-26 04:02:25,58
2021-08-26 04:02:30,59
2021-08-26 04:02:35,60
2021-08-26 04:02:40,61
2021-08-26 04:02:50,60
2021-08-26 04:03:05,60
2021-08-26 04:03:20,60
2021-08-26 04:03:35,60
2021-08-26 04:03:50,59
2021-08-26 04:04:00,60
2021-08-26 04:04:05,61
2021-08-26 04:04:10,60
2021-08-26 04:04:25,60
2021-08-26 04:04:30,61
2021-08-26 04:04:35,60
2021-08-26 04:04:50,60
2021-08-26 04:04:55,61
2021-08-26 04:05:05,62
2021-08-26 04:05:10,60
2021-08-26 04:05:15,59
2021-08-26 04:05:25,60
2021-08-26 04:05:41,61
2021-08-26 04:05:51,60
2021-08-26 04:05:56,61
2021-08-26 04:06:01,60
2021-08-26 04:06:06,61
2021-08-26 04:06:21,62
2021-08-26 04:06:36,61
2021-08-26 04:06:51,61
2021-08-26 04:06:56,60
2021-08-26 04:07:01,60
2021-08-26 04:07:11,62
2021-08-26 04:07:16,61
2021-08-26 04:07:21,62
2021-08-26 04:07:31,60
2021-08-26 04:07:36,59
2021-08-26 04:07:41,60
2021-08-26 04:07:56,60
2021-08-26 04:08:01,61
2021-08-26 04:08:11,59
2021-08-26 04:08:16,58
2021-08-26 04:08:26,59
2021-08-26 04:08:31,60
2021-08-26 04:08:36,58
2021-08-26 04:08:41,57
2021-08-26 04:08:51,58
2021-08-26 04:08:56,61
2021-08-26 04:09:01,63
2021-08-26 04:09:06,63
2021-08-26 04:09:11,64
2021-08-26 04:09:16,61
2021-08-26 04:09:21,60
2021-08-26 04:09:26,56
2021-08-26 04:09:31,55
2021-08-26 04:09:46,56
2021-08-26 04:09:51,57
2021-08-26 04:09:56,58
2021-08-26 04:10:01,59
2021-08-26 04:10:06,60
2021-08-26 04:10:21,59
2021-08-26 04:10:36,59
2021-08-26 04:10:41,60
2021-08-26 04:10:56,60
2021-08-26 04:11:06,61
2021-08-26 04:11:11,62
2021-08-26 04:11:16,60
2021-08-26 04:11:21,56
2021-08-26 04:11:31,58
2021-08-26 04:11:41,59
2021-08-26 04:11:46,60
2021-08-26 04:12:01,59
2021-08-26 04:12:11,61
2021-08-26 04:12:16,62
2021-08-26 04:12:31,61
2021-08-26 04:12:41,60
2021-08-26 04:12:46,60
2021-08-26 04:12:51,61
2021-08-26 04:13:06,60
2021-08-26 04:13:11,59
2021-08-26 04:13:26,60
2021-08-26 04:13:36,62
2021-08-26 04:13:46,61
2021-08-26 04:13:51,60
2021-08-26 04:14:01,61
2021-08-26 04:14:06,60
2021-08-26 04:14:21,61
2021-08-26 04:14:36,60
2021-08-26 04:14:51,60
2021-08-26 04:14:56,61
2021-08-26 04:15:01,60
2021-08-26 04:15:06,59
2021-08-26 04:15:21,60
2021-08-26 04:15:31,61
2021-08-26 04:15:36,60
2021-08-26 04:15:41,59
2021-08-26 04:15:51,60
2021-08-26 04:15:56,63
2021-08-26 04:16:01,61
2021-08-26 04:16:06,58
2021-08-26 04:16:11,56
2021-08-26 04:16:21,57
2021-08-26 04:16:26,58
2021-08-26 04:16:31,59
2021-08-26 04:16:41,60
2021-08-26 04:16:46,59
2021-08-26 04:17:01,59
2021-08-26 04:17:11,60
2021-08-26 04:17:16,61
2021-08-26 04:17:21,61
2021-08-26 04:17:26,60
2021-08-26 04:17:31,59
2021-08-26 04:17:41,58
2021-08-26 04:17:46,57
2021-08-26 04:17:51,55
2021-08-26 04:17:56,58
2021-08-26 04:18:01,59
2021-08-26 04:18:11,60
2021-08-26 04:18:21,67
2021-08-26 04:18:26,80
2021-08-26 04:18:31,89
2021-08-26 04:18:36,92
2021-08-26 04:18:41,89
2021-08-26 04:18:46,81
2021-08-26 04:18:51,75
2021-08-26 04:18:56,70
2021-08-26 04:19:01,63
2021-08-26 04:19:06,61
2021-08-26 04:19:11,61
2021-08-26 04:19:16,60
2021-08-26 04:19:26,60
2021-08-26 04:19:31,60
2021-08-26 04:19:41,61
2021-08-26 04:19:46,62
2021-08-26 04:20:01,61
2021-08-26 04:20:16,62
2021-08-26 04:20:21,63
2021-08-26 04:20:26,62
2021-08-26 04:20:36,61
2021-08-26 04:20:51,62
2021-08-26 04:20:56,61
2021-08-26 04:21:06,62
2021-08-26 04:21:21,63
2021-08-26 04:21:26,64
2021-08-26 04:21:36,62
2021-08-26 04:21:41,60
2021-08-26 04:21:46,59
2021-08-26 04:22:01,60
2021-08-26 04:22:06,61
2021-08-26 04:22:11,63
2021-08-26 04:22:16,62
2021-08-26 04:22:21,60
2021-08-26 04:22:26,59
2021-08-26 04:22:31,60
2021-08-26 04:22:42,61
2021-08-26 04:22:47,62
2021-08-26 04:23:02,62
2021-08-26 04:23:17,62
2021-08-26 04:23:27,63
2021-08-26 04:23:32,61
2021-08-26 04:23:37,60
2021-08-26 04:23:42,60
2021-08-26 04:23:47,58
2021-08-26 04:23:52,56
2021-08-26 04:23:57,57
2021-08-26 04:24:02,58
2021-08-26 04:24:07,59
2021-08-26 04:24:12,61
2021-08-26 04:24:17,62
2021-08-26 04:24:27,62
2021-08-26 04:24:32,63
2021-08-26 04:24:42,64
2021-08-26 04:24:47,71
2021-08-26 04:24:52,80
2021-08-26 04:24:57,87
2021-08-26 04:25:02,86
2021-08-26 04:25:17,82
2021-08-26 04:25:22,71
2021-08-26 04:25:27,64
2021-08-26 04:25:32,61
2021-08-26 04:25:42,60
2021-08-26 04:25:57,62
2021-08-26 04:26:07,63
2021-08-26 04:26:12,64
2021-08-26 04:26:17,63
2021-08-26 04:26:22,61
2021-08-26 04:26:27,59
2021-08-26 04:26:32,57
2021-08-26 04:26:37,58
2021-08-26 04:26:42,59
2021-08-26 04:26:47,60
2021-08-26 04:26:57,58
2021-08-26 04:27:02,57
2021-08-26 04:27:07,58
2021-08-26 04:27:12,59
2021-08-26 04:27:17,62
2021-08-26 04:27:22,63
2021-08-26 04:27:27,64
2021-08-26 04:27:32,63
2021-08-26 04:27:37,61
2021-08-26 04:27:42,59
2021-08-26 04:27:47,57
2021-08-26 04:28:02,60
2021-08-26 04:28:07,61
2021-08-26 04:28:12,65
2021-08-26 04:28:17,69
2021-08-26 04:28:22,69
2021-08-26 04:28:32,69
2021-08-26 04:28:37,66
2021-08-26 04:28:42,62
2021-08-26 04:28:52,61
2021-08-26 04:28:57,60
2021-08-26 04:29:02,62
2021-08-26 04:29:07,65
2021-08-26 04:29:12,69
2021-08-26 04:29:17,68
2021-08-26 04:29:22,65
2021-08-26 04:29:27,67
2021-08-26 04:29:32,69
2021-08-26 04:29:37,71
2021-08-26 04:29:52,70
2021-08-26 04:29:57,69
2021-08-26 04:30:02,70
2021-08-26 04:30:07,71
2021-08-26 04:30:12,70
2021-08-26 04:30:17,65
2021-08-26 04:30:22,66
2021-08-26 04:30:27,65
2021-08-26 04:30:32,61
2021-08-26 04:30:42,63
2021-08-26 04:30:47,65
2021-08-26 04:30:52,66
2021-08-26 04:30:57,67
2021-08-26 04:31:02,70
2021-08-26 04:31:07,66
2021-08-26 04:31:12,61
2021-08-26 04:31:17,60
2021-08-26 04:31:22,62
2021-08-26 04:31:27,64
2021-08-26 04:31:32,65
2021-08-26 04:31:37,64
2021-08-26 04:31:42,63
2021-08-26 04:31:47,68
2021-08-26 04:31:52,71
2021-08-26 04:31:57,72
2021-08-26 04:32:12,71
2021-08-26 04:32:17,67
2021-08-26 04:32:27,66
2021-08-26 04:32:32,67
2021-08-26 04:32:37,62
2021-08-26 04:32:42,61
2021-08-26 04:32:52,62
2021-08-26 04:32:57,61
2021-08-26 04:33:02,59
2021-08-26 04:33:07,57
2021-08-26 04:33:12,56
2021-08-26 04:33:17,57
2021-08-26 04:33:22,59
2021-08-26 04:33:27,61
2021-08-26 04:33:32,64
2021-08-26 04:33:37,68
2021-08-26 04:33:52,67
2021-08-26 04:33:57,68
2021-08-26 04:34:02,69
2021-08-26 04:34:07,70
2021-08-26 04:34:17,69
2021-08-26 04:34:22,69
2021-08-26 04:34:27,70
2021-08-26 04:34:32,71
2021-08-26 04:34:37,72
2021-08-26 04:34:42,72
2021-08-26 04:34:47,72
2021-08-26 04:35:02,76
2021-08-26 04:35:07,82
2021-08-26 04:35:12,85
2021-08-26 04:35:17,81
2021-08-26 04:35:22,72
2021-08-26 04:35:27,65
2021-08-26 04:35:32,63
2021-08-26 04:35:37,65
2021-08-26 04:35:52,66
2021-08-26 04:35:57,67
2021-08-26 04:36:02,69
2021-08-26 04:36:07,72
2021-08-26 04:36:12,71
2021-08-26 04:36:17,70
2021-08-26 04:36:22,70
2021-08-26 04:36:27,69
2021-08-26 04:36:42,68
2021-08-26 04:36:52,67
2021-08-26 04:36:57,68
2021-08-26 04:37:02,69
2021-08-26 04:37:07,71
2021-08-26 04:37:17,69
2021-08-26 04:37:22,70
2021-08-26 04:37:27,71
2021-08-26 04:37:32,69
2021-08-26 04:37:42,70
2021-08-26 04:37:47,72
2021-08-26 04:37:52,73
2021-08-26 04:38:07,73
2021-08-26 04:38:12,74
2021-08-26 04:38:22,71
2021-08-26 04:38:27,70
2021-08-26 04:38:32,69
2021-08-26 04:38:47,70
2021-08-26 04:38:52,69
2021-08-26 04:38:57,67
2021-08-26 04:39:07,68
2021-08-26 04:39:17,70
2021-08-26 04:39:22,71
2021-08-26 04:39:37,71
2021-08-26 04:39:48,72
2021-08-26 04:39:53,73
2021-08-26 04:39:58,75
2021-08-26 04:40:03,79
2021-08-26 04:40:08,80
2021-08-26 04:40:13,77
2021-08-26 04:40:23,75
2021-08-26 04:40:28,74
2021-08-26 04:40:33,74
2021-08-26 04:40:48,79
2021-08-26 04:40:53,84
2021-08-26 04:40:58,83
2021-08-26 04:41:03,78
2021-08-26 04:41:08,73
2021-08-26 04:41:13,67
2021-08-26 04:41:18,66
2021-08-26 04:41:23,67
2021-08-26 04:41:28,68
2021-08-26 04:41:33,67
2021-08-26 04:41:38,64
2021-08-26 04:41:43,62
2021-08-26 04:41:48,63
2021-08-26 04:41:53,64
2021-08-26 04:42:03,65
2021-08-26 04:42:08,66
2021-08-26 04:42:13,67
2021-08-26 04:42:18,70
2021-08-26 04:42:23,73
2021-08-26 04:42:28,74
2021-08-26 04:42:38,75
2021-08-26 04:42:43,76
2021-08-26 04:42:48,77
2021-08-26 04:42:53,78
2021-08-26 04:42:58,76
2021-08-26 04:43:03,75
2021-08-26 04:43:08,74
2021-08-26 04:43:13,73
2021-08-26 04:43:23,74
2021-08-26 04:43:28,77
2021-08-26 04:43:33,82
2021-08-26 04:43:38,88
2021-08-26 04:43:43,85
2021-08-26 04:43:48,74
2021-08-26 04:43:53,67
2021-08-26 04:44:03,66
2021-08-26 04:44:08,65
2021-08-26 04:44:13,64
2021-08-26 04:44:18,62
2021-08-26 04:44:28,63
2021-08-26 04:44:38,65
2021-08-26 04:44:43,67
2021-08-26 04:44:48,69
2021-08-26 04:44:53,71
2021-08-26 04:44:58,73
2021-08-26 04:45:03,74
2021-08-26 04:45:18,72
2021-08-26 04:45:23,71
2021-08-26 04:45:28,75
2021-08-26 04:45:33,76
2021-08-26 04:45:38,75
2021-08-26 04:45:43,75
2021-08-26 04:45:48,74
2021-08-26 04:45:53,73
2021-08-26 04:46:08,73
2021-08-26 04:46:13,73
2021-08-26 04:46:18,77
2021-08-26 04:46:23,79
2021-08-26 04:46:28,77
2021-08-26 04:46:33,74
2021-08-26 04:46:38,75
2021-08-26 04:46:43,74
2021-08-26 04:46:48,71
2021-08-26 04:46:53,70
2021-08-26 04:46:58,71
2021-08-26 04:47:03,72
2021-08-26 04:47:08,73
2021-08-26 04:47:18,74
2021-08-26 04:47:33,74
2021-08-26 04:47:48,75
2021-08-26 04:48:03,74
2021-08-26 04:48:08,74
2021-08-26 04:48:13,75
2021-08-26 04:48:18,77
2021-08-26 04:48:23,75
2021-08-26 04:48:28,71
2021-08-26 04:48:33,68
2021-08-26 04:48:38,69
2021-08-26 04:48:53,71
2021-08-26 04:49:08,71
2021-08-26 04:49:23,71
2021-08-26 04:49:38,72
2021-08-26 04:49:43,73
2021-08-26 04:49:48,74
2021-08-26 04:50:03,74
2021-08-26 04:50:08,75
2021-08-26 04:50:23,76
2021-08-26 04:50:28,77
2021-08-26 04:50:33,81
2021-08-26 04:50:38,87
2021-08-26 04:50:43,79
2021-08-26 04:50:48,69
2021-08-26 04:50:53,63
2021-08-26 04:50:58,62
2021-08-26 04:51:08,65
2021-08-26 04:51:13,68
2021-08-26 04:51:18,70
2021-08-26 04:51:23,70
2021-08-26 04:51:33,71
2021-08-26 04:51:38,73
2021-08-26 04:51:43,76
2021-08-26 04:51:48,73
2021-08-26 04:51:53,72
2021-08-26 04:51:58,71
2021-08-26 04:52:03,73
2021-08-26 04:52:13,74
2021-08-26 04:52:18,75
2021-08-26 04:52:23,83
2021-08-26 04:52:28,88
2021-08-26 04:52:33,83
2021-08-26 04:52:38,82
2021-08-26 04:52:43,74
2021-08-26 04:52:48,67
2021-08-26 04:52:53,63
2021-08-26 04:52:58,62
2021-08-26 04:53:13,64
2021-08-26 04:53:23,65
2021-08-26 04:53:28,66
2021-08-26 04:53:33,67
2021-08-26 04:53:38,69
2021-08-26 04:53:43,71
2021-08-26 04:53:48,69
2021-08-26 04:53:53,67
2021-08-26 04:53:58,66
2021-08-26 04:54:03,63
2021-08-26 04:54:08,61
2021-08-26 04:54:23,62
2021-08-26 04:54:28,65
2021-08-26 04:54:33,63
2021-08-26 04:54:43,64
2021-08-26 04:54:48,63
2021-08-26 04:54:53,64
2021-08-26 04:54:58,65
2021-08-26 04:55:03,66
2021-08-26 04:55:13,67
2021-08-26 04:55:23,68
2021-08-26 04:55:28,69
2021-08-26 04:55:38,70
2021-08-26 04:55:48,69
2021-08-26 04:55:53,68
2021-08-26 04:56:08,67
2021-08-26 04:56:13,63
2021-08-26 04:56:18,59
2021-08-26 04:56:28,60
2021-08-26 04:56:33,61
2021-08-26 04:56:38,60
2021-08-26 04:56:43,61
2021-08-26 04:56:48,62
2021-08-26 04:56:54,64
2021-08-26 04:57:04,63
2021-08-26 04:57:09,64
2021-08-26 04:57:14,65
2021-08-26 04:57:24,66
2021-08-26 04:57:39,63
2021-08-26 04:57:44,59
2021-08-26 04:57:49,58
2021-08-26 04:57:59,59
2021-08-26 04:58:04,60
2021-08-26 04:58:09,61
2021-08-26 04:58:19,60
2021-08-26 04:58:29,62
2021-08-26 04:58:34,63
2021-08-26 04:58:44,66
2021-08-26 04:58:49,68
2021-08-26 04:58:54,70
2021-08-26 04:58:59,72
2021-08-26 04:59:09,74
2021-08-26 04:59:14,75
2021-08-26 04:59:19,76
2021-08-26 04:59:29,75
2021-08-26 04:59:44,76
2021-08-26 04:59:49,75
2021-08-26 04:59:54,66
2021-08-26 04:59:59,64
2021-08-26 05:00:04,63
2021-08-26 05:00:09,65
2021-08-26 05:00:14,69
2021-08-26 05:00:19,70
2021-08-26 05:00:34,70
2021-08-26 05:00:39,73
2021-08-26 05:00:44,74
2021-08-26 05:00:49,76
2021-08-26 05:01:04,74
2021-08-26 05:01:09,69
2021-08-26 05:01:14,69
2021-08-26 05:01:19,67
2021-08-26 05:01:24,66
2021-08-26 05:01:29,65
2021-08-26 05:01:39,66
2021-08-26 05:01:54,67
2021-08-26 05:02:04,68
2021-08-26 05:02:09,69
2021-08-26 05:02:14,67
2021-08-26 05:02:19,69
2021-08-26 05:02:24,70
2021-08-26 05:02:34,72
2021-08-26 05:02:39,73
2021-08-26 05:02:49,74
2021-08-26 05:02:54,75
2021-08-26 05:02:59,76
2021-08-26 05:03:09,77
2021-08-26 05:03:14,77
2021-08-26 05:03:19,75
2021-08-26 05:03:24,74
2021-08-26 05:03:29,75
2021-08-26 05:03:39,74
2021-08-26 05:03:44,73
2021-08-26 05:03:59,72
2021-08-26 05:04:09,74
2021-08-26 05:04:14,75
2021-08-26 05:04:24,74
2021-08-26 05:04:34,75
2021-08-26 05:04:49,75
2021-08-26 05:04:59,77
2021-08-26 05:05:04,76
2021-08-26 05:05:09,75
2021-08-26 05:05:14,74
2021-08-26 05:05:24,75
2021-08-26 05:05:29,77
2021-08-26 05:05:34,79
2021-08-26 05:05:39,78
2021-08-26 05:05:44,76
2021-08-26 05:05:49,75
2021-08-26 05:05:54,74
2021-08-26 05:05:59,73
2021-08-26 05:06:09,74
2021-08-26 05:06:14,76
2021-08-26 05:06:19,78
2021-08-26 05:06:24,76
2021-08-26 05:06:29,69
2021-08-26 05:06:34,67
2021-08-26 05:06:44,69
2021-08-26 05:06:49,70
2021-08-26 05:06:54,71
2021-08-26 05:06:59,73
2021-08-26 05:07:14,73
2021-08-26 05:07:19,81
2021-08-26 05:07:24,92
2021-08-26 05:07:29,100
2021-08-26 05:07:34,102
2021-08-26 05:07:39,98
2021-08-26 05:07:44,93
2021-08-26 05:07:49,88
2021-08-26 05:07:54,82
2021-08-26 05:07:59,76
2021-08-26 05:08:04,71
2021-08-26 05:08:09,65
2021-08-26 05:08:14,61
2021-08-26 05:08:19,62
2021-08-26 05:08:24,61
2021-08-26 05:08:29,62
2021-08-26 05:08:34,71
2021-08-26 05:08:39,71
2021-08-26 05:08:49,74
2021-08-26 05:08:54,76
2021-08-26 05:08:59,80
2021-08-26 05:09:09,79
2021-08-26 05:09:14,80
2021-08-26 05:09:19,81
2021-08-26 05:09:29,82
2021-08-26 05:09:34,81
2021-08-26 05:09:44,82
2021-08-26 05:09:49,83
2021-08-26 05:09:54,82
2021-08-26 05:09:59,81
2021-08-26 05:10:04,79
2021-08-26 05:10:19,80
2021-08-26 05:10:24,81
2021-08-26 05:10:29,82
2021-08-26 05:10:44,83
2021-08-26 05:10:54,81
2021-08-26 05:10:59,80
2021-08-26 05:11:04,81
2021-08-26 05:11:09,81
2021-08-26 05:11:14,81
2021-08-26 05:11:19,80
2021-08-26 05:11:24,77
2021-08-26 05:11:29,76
2021-08-26 05:11:34,74
2021-08-26 05:11:39,73
2021-08-26 05:11:49,75
2021-08-26 05:11:59,73
2021-08-26 05:12:04,72
2021-08-26 05:12:09,73
2021-08-26 05:12:14,74
2021-08-26 05:12:29,74
2021-08-26 05:12:34,74
2021-08-26 05:12:39,75
2021-08-26 05:12:44,75
2021-08-26 05:12:49,75
2021-08-26 05:12:59,76
2021-08-26 05:13:04,75
2021-08-26 05:13:14,74
2021-08-26 05:13:29,73
2021-08-26 05:13:39,74
2021-08-26 05:13:49,73
2021-08-26 05:13:54,72
2021-08-26 05:14:00,71
2021-08-26 05:14:05,72
2021-08-26 05:14:10,74
2021-08-26 05:14:15,75
2021-08-26 05:14:30,75
2021-08-26 05:14:35,76
2021-08-26 05:14:45,77
2021-08-26 05:14:55,75
2021-08-26 05:15:00,73
2021-08-26 05:15:05,71
2021-08-26 05:15:10,70
2021-08-26 05:15:15,70
2021-08-26 05:15:20,71
2021-08-26 05:15:30,70
2021-08-26 05:15:35,66
2021-08-26 05:15:40,69
2021-08-26 05:15:45,71
2021-08-26 05:15:50,73
2021-08-26 05:15:55,74
2021-08-26 05:16:05,75
2021-08-26 05:16:20,75
2021-08-26 05:16:25,74
2021-08-26 05:16:30,73
2021-08-26 05:16:40,73
2021-08-26 05:16:45,76
2021-08-26 05:16:50,69
2021-08-26 05:16:55,63
2021-08-26 05:17:00,63
2021-08-26 05:17:05,64
2021-08-26 05:17:10,67
2021-08-26 05:17:15,70
2021-08-26 05:17:20,71
2021-08-26 05:17:25,72
2021-08-26 05:17:30,69
2021-08-26 05:17:35,67
2021-08-26 05:17:50,67
2021-08-26 05:18:05,68
2021-08-26 05:18:10,69
2021-08-26 05:18:20,67
2021-08-26 05:18:25,68
2021-08-26 05:18:30,67
2021-08-26 05:18:35,68
2021-08-26 05:18:40,69
2021-08-26 05:18:45,70
2021-08-26 05:18:50,69
2021-08-26 05:18:55,71
2021-08-26 05:19:00,73
2021-08-26 05:19:10,72
2021-08-26 05:19:15,71
2021-08-26 05:19:25,72
2021-08-26 05:19:30,70
2021-08-26 05:19:35,67
2021-08-26 05:19:40,64
2021-08-26 05:19:45,65
2021-08-26 05:19:50,68
2021-08-26 05:19:55,71
2021-08-26 05:20:00,75
2021-08-26 05:20:05,77
2021-08-26 05:20:10,78
2021-08-26 05:20:15,76
2021-08-26 05:20:20,73
2021-08-26 05:20:25,67
2021-08-26 05:20:30,64
2021-08-26 05:20:35,66
2021-08-26 05:20:40,68
2021-08-26 05:20:45,71
2021-08-26 05:20:50,73
2021-08-26 05:20:55,74
2021-08-26 05:21:05,75
2021-08-26 05:21:20,74
2021-08-26 05:21:25,73
2021-08-26 05:21:30,72
2021-08-26 05:21:40,71
2021-08-26 05:21:55,70
2021-08-26 05:22:10,72
2021-08-26 05:22:15,73
2021-08-26 05:22:20,75
2021-08-26 05:22:25,76
2021-08-26 05:22:30,74
2021-08-26 05:22:35,70
2021-08-26 05:22:40,69
2021-08-26 05:22:45,68
2021-08-26 05:22:55,69
2021-08-26 05:23:00,68
2021-08-26 05:23:10,69
2021-08-26 05:23:15,68
2021-08-26 05:23:20,70
2021-08-26 05:23:35,73
2021-08-26 05:23:40,74
2021-08-26 05:23:50,76
2021-08-26 05:23:55,75
2021-08-26 05:24:00,73
2021-08-26 05:24:15,75
2021-08-26 05:24:30,71
2021-08-26 05:24:35,68
2021-08-26 05:24:40,67
2021-08-26 05:24:50,69
2021-08-26 05:24:55,71
2021-08-26 05:25:00,72
2021-08-26 05:25:05,73
2021-08-26 05:25:10,74
2021-08-26 05:25:15,73
2021-08-26 05:25:30,74
2021-08-26 05:25:35,75
2021-08-26 05:25:40,74
2021-08-26 05:25:45,71
2021-08-26 05:25:50,70
2021-08-26 05:25:55,71
2021-08-26 05:26:00,73
2021-08-26 05:26:05,72
2021-08-26 05:26:20,73
2021-08-26 05:26:25,75
2021-08-26 05:26:30,76
2021-08-26 05:26:35,77
2021-08-26 05:26:45,76
2021-08-26 05:26:50,75
2021-08-26 05:26:55,76
2021-08-26 05:27:05,77
2021-08-26 05:27:10,75
2021-08-26 05:27:15,74
2021-08-26 05:27:20,74
2021-08-26 05:27:30,77
2021-08-26 05:27:35,91
2021-08-26 05:27:40,96
2021-08-26 05:27:45,86
2021-08-26 05:27:50,76
2021-08-26 05:27:55,69
2021-08-26 05:28:00,65
2021-08-26 05:28:05,64
2021-08-26 05:28:20,65
2021-08-26 05:28:30,66
2021-08-26 05:28:35,67
2021-08-26 05:28:40,67
2021-08-26 05:28:50,66
2021-08-26 05:28:55,68
2021-08-26 05:29:00,69
2021-08-26 05:29:10,68
2021-08-26 05:29:15,67
2021-08-26 05:29:25,68
2021-08-26 05:29:35,67
2021-08-26 05:29:40,68
2021-08-26 05:29:45,67
2021-08-26 05:29:50,64
2021-08-26 05:30:05,65
2021-08-26 05:30:10,66
2021-08-26 05:30:25,67
2021-08-26 05:30:30,68
2021-08-26 05:30:35,69
2021-08-26 05:30:40,72
2021-08-26 05:30:45,81
2021-08-26 05:30:50,89
2021-08-26 05:30:55,92
2021-08-26 05:31:00,91
2021-08-26 05:31:06,87
2021-08-26 05:31:11,81
2021-08-26 05:31:16,75
2021-08-26 05:31:21,68
2021-08-26 05:31:26,65
2021-08-26 05:31:31,66
2021-08-26 05:31:46,66
2021-08-26 05:31:51,67
2021-08-26 05:31:56,66
2021-08-26 05:32:01,65
2021-08-26 05:32:11,64
2021-08-26 05:32:16,65
2021-08-26 05:32:26,67
2021-08-26 05:32:31,65
2021-08-26 05:32:36,64
2021-08-26 05:32:41,65
2021-08-26 05:32:46,68
2021-08-26 05:33:01,74
2021-08-26 05:33:11,72
2021-08-26 05:33:21,70
2021-08-26 05:33:26,66
2021-08-26 05:33:31,64
2021-08-26 05:33:36,62
2021-08-26 05:33:41,63
2021-08-26 05:33:51,62
2021-08-26 05:33:56,60
2021-08-26 05:34:06,59
2021-08-26 05:34:11,60
2021-08-26 05:34:16,63
2021-08-26 05:34:21,65
2021-08-26 05:34:26,64
2021-08-26 05:34:31,65
2021-08-26 05:34:36,63
2021-08-26 05:34:41,62
2021-08-26 05:34:56,61
2021-08-26 05:35:06,62
2021-08-26 05:35:11,63
2021-08-26 05:35:16,62
2021-08-26 05:35:21,61
2021-08-26 05:35:26,62
2021-08-26 05:35:31,65
2021-08-26 05:35:36,65
2021-08-26 05:35:41,63
2021-08-26 05:35:46,65
2021-08-26 05:35:51,66
2021-08-26 05:36:01,68
2021-08-26 05:36:06,71
2021-08-26 05:36:11,72
2021-08-26 05:36:21,75
2021-08-26 05:36:26,73
2021-08-26 05:36:31,69
2021-08-26 05:36:36,66
2021-08-26 05:36:46,69
2021-08-26 05:36:51,70
2021-08-26 05:36:56,70
2021-08-26 05:37:01,73
2021-08-26 05:37:06,80
2021-08-26 05:37:11,86
2021-08-26 05:37:16,92
2021-08-26 05:37:21,79
2021-08-26 05:37:26,70
2021-08-26 05:37:31,64
2021-08-26 05:37:41,65
2021-08-26 05:37:46,66
2021-08-26 05:37:56,69
2021-08-26 05:38:06,65
2021-08-26 05:38:11,63
2021-08-26 05:38:16,62
2021-08-26 05:38:21,64
2021-08-26 05:38:26,66
2021-08-26 05:38:31,67
2021-08-26 05:38:36,65
2021-08-26 05:38:41,61
2021-08-26 05:38:51,62
2021-08-26 05:38:56,62
2021-08-26 05:39:01,61
2021-08-26 05:39:06,63
2021-08-26 05:39:11,65
2021-08-26 05:39:16,66
2021-08-26 05:39:21,64
2021-08-26 05:39:26,62
2021-08-26 05:39:31,63
2021-08-26 05:39:36,66
2021-08-26 05:39:41,65
2021-08-26 05:39:46,63
2021-08-26 05:39:56,64
2021-08-26 05:40:01,62
2021-08-26 05:40:11,63
2021-08-26 05:40:21,62
2021-08-26 05:40:31,61
2021-08-26 05:40:36,62
2021-08-26 05:40:46,60
2021-08-26 05:40:51,61
2021-08-26 05:40:56,63
2021-08-26 05:41:01,62
2021-08-26 05:41:06,59
2021-08-26 05:41:11,57
2021-08-26 05:41:21,58
2021-08-26 05:41:26,60
2021-08-26 05:41:31,61
2021-08-26 05:41:36,62
2021-08-26 05:41:41,63
2021-08-26 05:41:56,63
2021-08-26 05:42:01,62
2021-08-26 05:42:06,60
2021-08-26 05:42:16,61
2021-08-26 05:42:21,61
2021-08-26 05:42:36,62
2021-08-26 05:42:41,60
2021-08-26 05:42:46,58
2021-08-26 05:42:56,59
2021-08-26 05:43:01,61
2021-08-26 05:43:06,64
2021-08-26 05:43:11,63
2021-08-26 05:43:16,62
2021-08-26 05:43:21,61
2021-08-26 05:43:36,61
2021-08-26 05:43:41,64
2021-08-26 05:43:46,65
2021-08-26 05:43:51,61
2021-08-26 05:43:56,59
2021-08-26 05:44:01,58
2021-08-26 05:44:11,59
2021-08-26 05:44:16,58
2021-08-26 05:44:21,59
2021-08-26 05:44:26,60
2021-08-26 05:44:31,61
2021-08-26 05:44:36,63
2021-08-26 05:44:41,64
2021-08-26 05:44:51,63
2021-08-26 05:44:56,62
2021-08-26 05:45:06,61
2021-08-26 05:45:16,62
2021-08-26 05:45:21,65
2021-08-26 05:45:26,66
2021-08-26 05:45:31,62
2021-08-26 05:45:36,58
2021-08-26 05:45:46,59
2021-08-26 05:45:56,61
2021-08-26 05:46:01,63
2021-08-26 05:46:06,64
2021-08-26 05:46:11,63
2021-08-26 05:46:16,62
2021-08-26 05:46:21,61
2021-08-26 05:46:31,60
2021-08-26 05:46:46,61
2021-08-26 05:46:51,60
2021-08-26 05:46:56,57
2021-08-26 05:47:01,58
2021-08-26 05:47:06,59
2021-08-26 05:47:11,61
2021-08-26 05:47:26,62
2021-08-26 05:47:31,63
2021-08-26 05:47:36,61
2021-08-26 05:47:41,58
2021-08-26 05:47:46,56
2021-08-26 05:47:51,56
2021-08-26 05:48:07,57
2021-08-26 05:48:12,58
2021-08-26 05:48:22,60
2021-08-26 05:48:27,62
2021-08-26 05:48:32,64
2021-08-26 05:48:37,66
2021-08-26 05:48:42,64
2021-08-26 05:48:47,60
2021-08-26 05:49:02,61
2021-08-26 05:49:07,62
2021-08-26 05:49:12,61
2021-08-26 05:49:17,60
2021-08-26 05:49:22,61
2021-08-26 05:49:37,62
2021-08-26 05:49:42,63
2021-08-26 05:49:47,64
2021-08-26 05:49:52,63
2021-08-26 05:50:02,61
2021-08-26 05:50:07,62
2021-08-26 05:50:17,63
2021-08-26 05:50:32,63
2021-08-26 05:50:47,67
2021-08-26 05:50:52,74
2021-08-26 05:50:57,71
2021-08-26 05:51:12,77
2021-08-26 05:51:17,84
2021-08-26 05:51:22,90
2021-08-26 05:51:27,94
2021-08-26 05:51:32,92
2021-08-26 05:51:37,88
2021-08-26 05:51:42,82
2021-08-26 05:51:47,76
2021-08-26 05:51:52,71
2021-08-26 05:51:57,64
2021-08-26 05:52:02,65
2021-08-26 05:52:17,65
2021-08-26 05:52:27,64
2021-08-26 05:52:32,66
2021-08-26 05:52:37,67
2021-08-26 05:52:47,68
2021-08-26 05:52:57,70
2021-08-26 05:53:02,75
2021-08-26 05:53:07,80
2021-08-26 05:53:12,86
2021-08-26 05:53:17,92
2021-08-26 05:53:22,85
2021-08-26 05:53:27,79
2021-08-26 05:53:32,81
2021-08-26 05:53:37,82
2021-08-26 05:53:42,74
2021-08-26 05:53:47,67
2021-08-26 05:53:52,62
2021-08-26 05:53:57,61
2021-08-26 05:54:02,60
2021-08-26 05:54:07,60
2021-08-26 05:54:12,61
2021-08-26 05:54:17,62
2021-08-26 05:54:32,64
2021-08-26 05:54:37,65
2021-08-26 05:54:42,61
2021-08-26 05:54:47,56
2021-08-26 05:54:52,55
2021-08-26 05:55:02,56
2021-08-26 05:55:07,58
2021-08-26 05:55:12,59
2021-08-26 05:55:17,58
2021-08-26 05:55:27,57
2021-08-26 05:55:32,58
2021-08-26 05:55:47,58
2021-08-26 05:55:52,59
2021-08-26 05:55:57,60
2021-08-26 05:56:02,59
2021-08-26 05:56:12,60
2021-08-26 05:56:17,59
2021-08-26 05:56:22,58
2021-08-26 05:56:32,57
2021-08-26 05:56:37,55
2021-08-26 05:56:42,54
2021-08-26 05:56:52,57
2021-08-26 05:56:57,61
2021-08-26 05:57:02,57
2021-08-26 05:57:07,55
2021-08-26 05:57:22,57
2021-08-26 05:57:27,58
2021-08-26 05:57:32,57
2021-08-26 05:57:42,56
2021-08-26 05:57:47,55
2021-08-26 05:57:57,57
2021-08-26 05:58:02,58
2021-08-26 05:58:12,57
2021-08-26 05:58:17,56
2021-08-26 05:58:22,54
2021-08-26 05:58:37,56
2021-08-26 05:58:42,57
2021-08-26 05:58:47,56
2021-08-26 05:59:02,56
2021-08-26 05:59:07,57
2021-08-26 05:59:17,55
2021-08-26 05:59:22,54
2021-08-26 05:59:37,57
2021-08-26 05:59:42,60
2021-08-26 05:59:47,59
2021-08-26 05:59:52,58
2021-08-26 05:59:57,56
2021-08-26 06:00:02,54
2021-08-26 06:00:07,53
2021-08-26 06:00:17,54
2021-08-26 06:00:22,54
2021-08-26 06:00:27,54
2021-08-26 06:00:37,57
2021-08-26 06:00:42,63
2021-08-26 06:00:47,63
2021-08-26 06:00:52,60
2021-08-26 06:00:57,58
2021-08-26 06:01:02,56
2021-08-26 06:01:07,54
2021-08-26 06:01:12,53
2021-08-26 06:01:17,55
2021-08-26 06:01:22,58
2021-08-26 06:01:27,59
2021-08-26 06:01:32,57
2021-08-26 06:01:37,54
2021-08-26 06:01:52,54
2021-08-26 06:01:57,56
2021-08-26 06:02:07,55
2021-08-26 06:02:17,56
2021-08-26 06:02:22,58
2021-08-26 06:02:32,56
2021-08-26 06:02:37,54
2021-08-26 06:02:42,55
2021-08-26 06:02:47,58
2021-08-26 06:02:52,60
2021-08-26 06:02:57,58
2021-08-26 06:03:02,56
2021-08-26 06:03:07,53
2021-08-26 06:03:12,52
2021-08-26 06:03:22,54
2021-08-26 06:03:27,55
2021-08-26 06:03:42,56
2021-08-26 06:03:47,55
2021-08-26 06:04:02,55
2021-08-26 06:04:17,56
2021-08-26 06:04:27,55
2021-08-26 06:04:32,56
2021-08-26 06:04:42,57
2021-08-26 06:04:47,58
2021-08-26 06:04:52,57
2021-08-26 06:04:57,56
2021-08-26 06:05:07,57
2021-08-26 06:05:13,57
2021-08-26 06:05:23,55
2021-08-26 06:05:28,52
2021-08-26 06:05:33,51
2021-08-26 06:05:38,52
2021-08-26 06:05:43,54
2021-08-26 06:05:48,56
2021-08-26 06:05:58,54
2021-08-26 06:06:08,55
2021-08-26 06:06:13,56
2021-08-26 06:06:18,55
2021-08-26 06:06:33,56
2021-08-26 06:06:38,57
2021-08-26 06:06:53,57
2021-08-26 06:06:58,56
2021-08-26 06:07:13,56
2021-08-26 06:07:28,56
2021-08-26 06:07:33,55
2021-08-26 06:07:38,54
2021-08-26 06:07:43,55
2021-08-26 06:07:48,56
2021-08-26 06:07:53,54
2021-08-26 06:08:03,56
2021-08-26 06:08:08,54
2021-08-26 06:08:13,52
2021-08-26 06:08:18,50
2021-08-26 06:08:28,51
2021-08-26 06:08:33,51
2021-08-26 06:08:38,52
2021-08-26 06:08:43,54
2021-08-26 06:08:48,55
2021-08-26 06:08:53,56
2021-08-26 06:08:58,57
2021-08-26 06:09:13,56
2021-08-26 06:09:18,54
2021-08-26 06:09:33,54
2021-08-26 06:09:48,55
2021-08-26 06:09:53,56
2021-08-26 06:10:08,56
2021-08-26 06:10:18,57
2021-08-26 06:10:23,56
2021-08-26 06:10:28,57
2021-08-26 06:10:38,55
2021-08-26 06:10:43,53
2021-08-26 06:10:53,54
2021-08-26 06:10:58,57
2021-08-26 06:11:03,56
2021-08-26 06:11:08,55
2021-08-26 06:11:13,55
2021-08-26 06:11:18,53
2021-08-26 06:11:23,52
2021-08-26 06:11:28,53
2021-08-26 06:11:38,54
2021-08-26 06:11:43,55
2021-08-26 06:11:48,55
2021-08-26 06:11:58,57
2021-08-26 06:12:03,56
2021-08-26 06:12:08,55
2021-08-26 06:12:13,56
2021-08-26 06:12:18,57
2021-08-26 06:12:23,58
2021-08-26 06:12:28,57
2021-08-26 06:12:33,55
2021-08-26 06:12:38,55
2021-08-26 06:12:43,56
2021-08-26 06:12:58,63
2021-08-26 06:13:03,70
2021-08-26 06:13:08,71
2021-08-26 06:13:13,67
2021-08-26 06:13:18,61
2021-08-26 06:13:23,60
2021-08-26 06:13:28,59
2021-08-26 06:13:43,60
2021-08-26 06:13:48,59
2021-08-26 06:13:53,61
2021-08-26 06:13:58,59
2021-08-26 06:14:03,57
2021-08-26 06:14:13,58
2021-08-26 06:14:28,59
2021-08-26 06:14:33,58
2021-08-26 06:14:43,59
2021-08-26 06:14:48,60
2021-08-26 06:14:53,59
2021-08-26 06:14:58,57
2021-08-26 06:15:03,57
2021-08-26 06:15:08,61
2021-08-26 06:15:13,62
2021-08-26 06:15:28,67
2021-08-26 06:15:33,74
2021-08-26 06:15:38,72
2021-08-26 06:15:43,67
2021-08-26 06:15:48,60
2021-08-26 06:15:53,56
2021-08-26 06:15:58,58
2021-08-26 06:16:03,57
2021-08-26 06:16:08,56
2021-08-26 06:16:13,55
2021-08-26 06:16:18,54
2021-08-26 06:16:33,54
2021-08-26 06:16:38,53
2021-08-26 06:16:43,52
2021-08-26 06:16:48,55
2021-08-26 06:16:53,56
2021-08-26 06:16:58,55
2021-08-26 06:17:03,57
2021-08-26 06:17:08,56
2021-08-26 06:17:13,54
2021-08-26 06:17:18,53
2021-08-26 06:17:23,53
2021-08-26 06:17:28,54
2021-08-26 06:17:43,55
2021-08-26 06:17:48,57
2021-08-26 06:17:58,55
2021-08-26 06:18:03,53
2021-08-26 06:18:08,52
2021-08-26 06:18:13,53
2021-08-26 06:18:18,54
2021-08-26 06:18:28,56
2021-08-26 06:18:38,55
2021-08-26 06:18:43,54
2021-08-26 06:18:53,55
2021-08-26 06:19:03,57
2021-08-26 06:19:08,60
2021-08-26 06:19:13,59
2021-08-26 06:19:18,58
2021-08-26 06:19:23,55
2021-08-26 06:19:38,55
2021-08-26 06:19:43,54
2021-08-26 06:19:58,53
2021-08-26 06:20:03,52
2021-08-26 06:20:18,54
2021-08-26 06:20:23,56
2021-08-26 06:20:28,57
2021-08-26 06:20:38,55
2021-08-26 06:20:53,55
2021-08-26 06:20:58,57
2021-08-26 06:21:03,58
2021-08-26 06:21:13,57
2021-08-26 06:21:18,55
2021-08-26 06:21:23,54
2021-08-26 06:21:28,53
2021-08-26 06:21:38,54
2021-08-26 06:21:43,55
2021-08-26 06:21:58,56
2021-08-26 06:22:13,54
2021-08-26 06:22:19,54
2021-08-26 06:22:24,53
2021-08-26 06:22:29,52
2021-08-26 06:22:34,53
2021-08-26 06:22:39,55
2021-08-26 06:22:44,54
2021-08-26 06:22:49,55
2021-08-26 06:22:54,56
2021-08-26 06:23:09,56
2021-08-26 06:23:14,55
2021-08-26 06:23:19,56
2021-08-26 06:23:24,55
2021-08-26 06:23:29,54
2021-08-26 06:23:34,55
2021-08-26 06:23:39,56
2021-08-26 06:23:44,54
2021-08-26 06:23:49,53
2021-08-26 06:23:59,54
2021-08-26 06:24:14,54
2021-08-26 06:24:19,55
2021-08-26 06:24:24,54
2021-08-26 06:24:39,55
2021-08-26 06:24:49,56
2021-08-26 06:24:54,55
2021-08-26 06:25:09,56
2021-08-26 06:25:14,57
2021-08-26 06:25:19,56
2021-08-26 06:25:24,56
2021-08-26 06:25:29,55
2021-08-26 06:25:39,56
2021-08-26 06:25:44,55
2021-08-26 06:25:49,56
2021-08-26 06:25:54,58
2021-08-26 06:25:59,57
2021-08-26 06:26:04,56
2021-08-26 06:26:19,59
2021-08-26 06:26:29,57
2021-08-26 06:26:34,56
2021-08-26 06:26:49,56
2021-08-26 06:26:54,54
2021-08-26 06:26:59,53
2021-08-26 06:27:09,55
2021-08-26 06:27:14,56
2021-08-26 06:27:19,54
2021-08-26 06:27:24,53
2021-08-26 06:27:39,54
2021-08-26 06:27:54,54
2021-08-26 06:28:04,55
2021-08-26 06:28:14,56
2021-08-26 06:28:19,55
2021-08-26 06:28:24,54
2021-08-26 06:28:34,53
2021-08-26 06:28:39,54
2021-08-26 06:28:44,56
2021-08-26 06:28:49,58
2021-08-26 06:28:54,59
2021-08-26 06:28:59,58
2021-08-26 06:29:04,57
2021-08-26 06:29:09,56
2021-08-26 06:29:19,57
2021-08-26 06:29:29,55
2021-08-26 06:29:34,54
2021-08-26 06:29:39,53
2021-08-26 06:29:54,54
2021-08-26 06:29:59,55
2021-08-26 06:30:04,56
2021-08-26 06:30:09,55
2021-08-26 06:30:14,54
2021-08-26 06:30:19,55
2021-08-26 06:30:29,56
2021-08-26 06:30:34,59
2021-08-26 06:30:39,68
2021-08-26 06:30:44,74
2021-08-26 06:30:49,78
2021-08-26 06:30:54,71
2021-08-26 06:30:59,64
2021-08-26 06:31:04,60
2021-08-26 06:31:14,59
2021-08-26 06:31:24,62
2021-08-26 06:31:34,59
2021-08-26 06:31:39,58
2021-08-26 06:31:44,60
2021-08-26 06:31:49,58
2021-08-26 06:31:54,56
2021-08-26 06:31:59,58
2021-08-26 06:32:04,60
2021-08-26 06:32:09,57
2021-08-26 06:32:14,56
2021-08-26 06:32:19,59
2021-08-26 06:32:24,62
2021-08-26 06:32:34,61
2021-08-26 06:32:44,59
2021-08-26 06:32:54,60
2021-08-26 06:32:59,62
2021-08-26 06:33:04,60
2021-08-26 06:33:09,56
2021-08-26 06:33:14,54
2021-08-26 06:33:24,55
2021-08-26 06:33:29,58
2021-08-26 06:33:34,60
2021-08-26 06:33:39,62
2021-08-26 06:33:44,64
2021-08-26 06:33:49,63
2021-08-26 06:33:54,61
2021-08-26 06:34:04,63
2021-08-26 06:34:09,62
2021-08-26 06:34:14,59
2021-08-26 06:34:19,59
2021-08-26 06:34:34,60
2021-08-26 06:34:44,59
2021-08-26 06:34:49,58
2021-08-26 06:35:04,59
2021-08-26 06:35:14,60
2021-08-26 06:35:19,61
2021-08-26 06:35:29,59
2021-08-26 06:35:34,57
2021-08-26 06:35:39,57
2021-08-26 06:35:44,56
2021-08-26 06:35:49,56
2021-08-26 06:35:54,59
2021-08-26 06:35:59,67
2021-08-26 06:36:04,68
2021-08-26 06:36:09,71
2021-08-26 06:36:14,72
2021-08-26 06:36:19,68
2021-08-26 06:36:24,63
2021-08-26 06:36:29,59
2021-08-26 06:36:34,57
2021-08-26 06:36:49,57
2021-08-26 06:36:54,58
2021-08-26 06:36:59,61
2021-08-26 06:37:04,63
2021-08-26 06:37:14,64
2021-08-26 06:37:19,62
2021-08-26 06:37:24,60
2021-08-26 06:37:29,58
2021-08-26 06:37:44,58
2021-08-26 06:37:49,59
2021-08-26 06:37:54,61
2021-08-26 06:37:59,62
2021-08-26 06:38:04,63
2021-08-26 06:38:14,59
2021-08-26 06:38:29,59
2021-08-26 06:38:34,60
2021-08-26 06:38:44,63
2021-08-26 06:38:49,65
2021-08-26 06:38:54,64
2021-08-26 06:38:59,63
2021-08-26 06:39:04,61
2021-08-26 06:39:09,60
2021-08-26 06:39:14,61
2021-08-26 06:39:19,62
2021-08-26 06:39:25,63
2021-08-26 06:39:30,64
2021-08-26 06:39:35,67
2021-08-26 06:39:40,68
2021-08-26 06:39:45,69
2021-08-26 06:40:00,69
2021-08-26 06:40:05,71
2021-08-26 06:40:10,70
2021-08-26 06:40:15,66
2021-08-26 06:40:25,65
2021-08-26 06:40:30,63
2021-08-26 06:40:45,64
2021-08-26 06:40:50,68
2021-08-26 06:40:55,70
2021-08-26 06:41:05,71
2021-08-26 06:41:10,72
2021-08-26 06:41:20,71
2021-08-26 06:41:30,72
2021-08-26 06:41:35,69
2021-08-26 06:41:40,67
2021-08-26 06:41:45,65
2021-08-26 06:42:00,66
2021-08-26 06:42:05,68
2021-08-26 06:42:10,69
2021-08-26 06:42:20,71
2021-08-26 06:42:25,72
2021-08-26 06:42:40,74
2021-08-26 06:42:45,75
2021-08-26 06:42:50,76
2021-08-26 06:42:55,75
2021-08-26 06:43:00,73
2021-08-26 06:43:05,71
2021-08-26 06:43:10,70
2021-08-26 06:43:25,70
2021-08-26 06:43:40,70
2021-08-26 06:43:50,69
2021-08-26 06:43:55,70
2021-08-26 06:44:00,71
2021-08-26 06:44:05,72
2021-08-26 06:44:20,77
2021-08-26 06:44:25,73
2021-08-26 06:44:30,71
2021-08-26 06:44:35,72
2021-08-26 06:44:40,73
2021-08-26 06:44:45,72
2021-08-26 06:44:50,74
2021-08-26 06:44:55,78
2021-08-26 06:45:00,85
2021-08-26 06:45:05,79
2021-08-26 06:45:10,69
2021-08-26 06:45:15,63
2021-08-26 06:45:20,61
2021-08-26 06:45:25,60
2021-08-26 06:45:30,59
2021-08-26 06:45:35,57
2021-08-26 06:45:40,55
2021-08-26 06:45:45,54
2021-08-26 06:45:55,55
2021-08-26 06:46:00,56
2021-08-26 06:46:10,57
2021-08-26 06:46:15,59
2021-08-26 06:46:20,59
2021-08-26 06:46:25,59
2021-08-26 06:46:30,60
2021-08-26 06:46:35,61
2021-08-26 06:46:40,62
2021-08-26 06:46:55,60
2021-08-26 06:47:00,59
2021-08-26 06:47:15,57
2021-08-26 06:47:20,56
2021-08-26 06:47:30,60
2021-08-26 06:47:35,68
2021-08-26 06:47:40,72
2021-08-26 06:47:45,73
2021-08-26 06:47:50,72
2021-08-26 06:47:55,70
2021-08-26 06:48:00,66
2021-08-26 06:48:05,64
2021-08-26 06:48:10,65
2021-08-26 06:48:15,64
2021-08-26 06:48:20,63
2021-08-26 06:48:25,66
2021-08-26 06:48:30,67
2021-08-26 06:48:35,65
2021-08-26 06:48:40,64
2021-08-26 06:48:45,64
2021-08-26 06:48:50,65
2021-08-26 06:48:55,62
2021-08-26 06:49:00,65
2021-08-26 06:49:05,65
2021-08-26 06:49:10,66
2021-08-26 06:49:15,69
2021-08-26 06:49:20,70
2021-08-26 06:49:25,72
2021-08-26 06:49:30,75
2021-08-26 06:49:35,77
2021-08-26 06:49:50,76
2021-08-26 06:49:55,75
2021-08-26 06:50:05,77
2021-08-26 06:50:15,79
2021-08-26 06:50:20,84
2021-08-26 06:50:25,86
2021-08-26 06:50:30,83
2021-08-26 06:50:35,76
2021-08-26 06:50:40,70
2021-08-26 06:50:45,67
2021-08-26 06:50:50,67
2021-08-26 06:50:55,68
2021-08-26 06:51:00,69
2021-08-26 06:51:05,72
2021-08-26 06:51:10,73
2021-08-26 06:51:15,72
2021-08-26 06:51:20,71
2021-08-26 06:51:25,73
2021-08-26 06:51:30,74
2021-08-26 06:51:40,81
2021-08-26 06:51:45,87
2021-08-26 06:51:50,81
2021-08-26 06:51:55,76
2021-08-26 06:52:00,74
2021-08-26 06:52:05,67
2021-08-26 06:52:10,61
2021-08-26 06:52:25,61
2021-08-26 06:52:35,62
2021-08-26 06:52:40,61
2021-08-26 06:52:45,62
2021-08-26 06:52:50,65
2021-08-26 06:52:55,69
2021-08-26 06:53:00,73
2021-08-26 06:53:05,74
2021-08-26 06:53:10,76
2021-08-26 06:53:15,80
2021-08-26 06:53:20,79
2021-08-26 06:53:25,72
2021-08-26 06:53:30,72
2021-08-26 06:53:40,79
2021-08-26 06:53:45,90
2021-08-26 06:53:50,88
2021-08-26 06:53:55,75
2021-08-26 06:54:00,67
2021-08-26 06:54:05,66
2021-08-26 06:54:10,69
2021-08-26 06:54:20,71
2021-08-26 06:54:25,72
2021-08-26 06:54:30,69
2021-08-26 06:54:35,64
2021-08-26 06:54:40,62
2021-08-26 06:54:45,61
2021-08-26 06:54:55,62
2021-08-26 06:55:05,64
2021-08-26 06:55:10,66
2021-08-26 06:55:15,68
2021-08-26 06:55:20,65
2021-08-26 06:55:25,62
2021-08-26 06:55:30,60
2021-08-26 06:55:35,59
2021-08-26 06:55:45,60
2021-08-26 06:55:50,61
2021-08-26 06:55:55,59
2021-08-26 06:56:05,60
2021-08-26 06:56:15,61
2021-08-26 06:56:20,63
2021-08-26 06:56:25,61
2021-08-26 06:56:31,60
2021-08-26 06:56:46,61
2021-08-26 06:56:51,62
2021-08-26 06:56:56,65
2021-08-26 06:57:01,63
2021-08-26 06:57:06,62
2021-08-26 06:57:11,63
2021-08-26 06:57:16,64
2021-08-26 06:57:21,63
2021-08-26 06:57:26,62
2021-08-26 06:57:41,63
2021-08-26 06:57:51,64
2021-08-26 06:57:56,68
2021-08-26 06:58:01,69
2021-08-26 06:58:06,67
2021-08-26 06:58:11,65
2021-08-26 06:58:21,62
2021-08-26 06:58:26,60
2021-08-26 06:58:31,62
2021-08-26 06:58:36,63
2021-08-26 06:58:41,62
2021-08-26 06:58:46,61
2021-08-26 06:58:51,60
2021-08-26 06:59:01,59
2021-08-26 06:59:06,58
2021-08-26 06:59:16,59
2021-08-26 06:59:21,62
2021-08-26 06:59:26,62
2021-08-26 06:59:31,61
2021-08-26 06:59:41,63
2021-08-26 06:59:46,63
2021-08-26 06:59:51,64
2021-08-26 07:00:01,65
2021-08-26 07:00:16,65
2021-08-26 07:00:21,66
2021-08-26 23:56:19,66
2021-08-26 23:56:34,66
2021-08-26 23:56:49,66
2021-08-26 23:57:04,67
2021-08-26 23:57:09,69
2021-08-26 23:57:14,69
2021-08-26 23:57:19,68
2021-08-26 23:57:34,68
2021-08-26 23:57:39,67
2021-08-26 23:57:49,66
2021-08-26 23:58:04,73
2021-08-26 23:58:09,80
2021-08-26 23:58:14,71
2021-08-26 23:58:19,67
2021-08-26 23:58:24,65
2021-08-26 23:58:29,63
2021-08-26 23:58:34,61
2021-08-26 23:58:39,60
2021-08-26 23:58:54,60
